date,tickers
2/1/2007,"AAPL,ADBE,ADSK,AEOS,AKAM,ALTR,AMAT,AMGN,AMLN,AMZN,APCC,APOL,ATVI,BBBY,BEAS,BIIB,BKNG,BMET,CDNS,CDWC,CELG,CHKP,CHRW,CKFR,COST,CSCO,CTAS,CTSH,CTXS,DELL,DISCA,DISCK,DISH,EA,EBAY,ERIC,ESRX,EXPD,EXPE,FAST,FI,FLEX,FOXA,GENZ,GILD,GOOGL,GRMN,HSIC,IACI,INFY,INTC,INTU,ISRG,JAVA,JNPR,JOYG,KLAC,LAMR,LBTYA,LLTC,LMCK,LOGI,LRCX,LVLT,MCHP,MDLZ,MEDI,MICC,MNST,MRVL,MSFT,NIHD,NLOK,NLTI,NTAP,NVDA,ORCL,PAYX,PCAR,PDCO,PETM,PTEN,QCOM,QRTEA,RIMM,ROST,SBUX,SEPR,SHLD,SIAL,SIRI,SNDK,SPLS,TEVA,TLAB,VRSN,VRTX,WFMI,WYNN,XLNX,XMSR,XRAY,YHOO"
2/14/2007,"AAPL,ADBE,ADSK,AEOS,AKAM,ALTR,AMAT,AMGN,AMLN,AMZN,APOL,ATVI,BBBY,BEAS,BIIB,BKNG,BMET,CDNS,CDWC,CELG,CHKP,CHRW,CKFR,COST,CSCO,CTAS,CTSH,CTXS,DELL,DISCA,DISCK,DISH,EA,EBAY,ERIC,ESRX,EXPD,EXPE,FAST,FI,FLEX,FOXA,GENZ,GILD,GOOGL,GRMN,HSIC,IACI,INFY,INTC,INTU,ISRG,JAVA,JNPR,JOYG,KLAC,LAMR,LBTYA,LLTC,LMCK,LOGI,LRCX,LVLT,MCHP,MDLZ,MEDI,MICC,MNST,MRVL,MSFT,NIHD,NLOK,NLTI,NTAP,NVDA,ORCL,PAYX,PCAR,PDCO,PETM,PTEN,QCOM,QRTEA,RIMM,ROST,RYAAY,SBUX,SEPR,SHLD,SIAL,SIRI,SNDK,SPLS,TEVA,TLAB,VRSN,VRTX,WFMI,WYNN,XLNX,XMSR,XRAY,YHOO"
3/8/2007,"AAPL,ADBE,ADSK,AKAM,ALTR,AMAT,AMGN,AMLN,AMZN,APOL,ATVI,BBBY,BEAS,BIIB,BKNG,BMET,CDNS,CDWC,CELG,CHKP,CHRW,CKFR,COST,CSCO,CTAS,CTSH,CTXS,DELL,DISCA,DISCK,DISH,EA,EBAY,ERIC,ESRX,EXPD,EXPE,FAST,FI,FLEX,FOXA,GENZ,GILD,GOOGL,GRMN,HSIC,IACI,INFY,INTC,INTU,ISRG,JAVA,JNPR,JOYG,KLAC,LAMR,LBTYA,LLTC,LMCK,LOGI,LRCX,LVLT,MCHP,MDLZ,MEDI,MICC,MNST,MRVL,MSFT,NIHD,NLOK,NLTI,NTAP,NVDA,ORCL,PAYX,PCAR,PDCO,PETM,PTEN,QCOM,QRTEA,RIMM,ROST,RYAAY,SBUX,SEPR,SHLD,SIAL,SIRI,SNDK,SPLS,TEVA,TLAB,UAUA,VRSN,VRTX,WFMI,WYNN,XLNX,XMSR,XRAY,YHOO"
6/1/2007,"AAPL,ADBE,ADSK,AKAM,ALTR,AMAT,AMGN,AMLN,AMZN,APOL,ATVI,BBBY,BEAS,BIIB,BKNG,BMET,CDNS,CDWC,CELG,CEPH,CHKP,CHRW,CKFR,COST,CSCO,CTAS,CTSH,CTXS,DELL,DISCA,DISCK,DISH,EA,EBAY,ERIC,ESRX,EXPD,EXPE,FAST,FI,FLEX,FOXA,GENZ,GILD,GOOGL,GRMN,HSIC,IACI,INFY,INTC,INTU,ISRG,JAVA,JNPR,JOYG,KLAC,LAMR,LBTYA,LLTC,LMCK,LOGI,LRCX,LVLT,MCHP,MDLZ,MICC,MNST,MRVL,MSFT,NIHD,NLOK,NLTI,NTAP,NVDA,ORCL,PAYX,PCAR,PDCO,PETM,PTEN,QCOM,QRTEA,RIMM,ROST,RYAAY,SBUX,SEPR,SHLD,SIAL,SIRI,SNDK,SPLS,TEVA,TLAB,UAUA,VRSN,VRTX,WFMI,WYNN,XLNX,XMSR,XRAY,YHOO"
7/12/2007,"AAPL,ADBE,ADSK,AKAM,ALTR,AMAT,AMGN,AMLN,AMZN,APOL,ATVI,BBBY,BEAS,BIIB,BKNG,CDNS,CDWC,CELG,CEPH,CHKP,CHRW,CKFR,COST,CSCO,CTAS,CTSH,CTXS,DELL,DISCA,DISCK,DISH,EA,EBAY,ERIC,ESRX,EXPD,EXPE,FAST,FI,FLEX,FOXA,FWLT,GENZ,GILD,GOOGL,GRMN,HSIC,IACI,INFY,INTC,INTU,ISRG,JAVA,JNPR,JOYG,KLAC,LAMR,LBTYA,LLTC,LMCK,LOGI,LRCX,LVLT,MCHP,MDLZ,MICC,MNST,MRVL,MSFT,NIHD,NLOK,NLTI,NTAP,NVDA,ORCL,PAYX,PCAR,PDCO,PETM,PTEN,QCOM,QRTEA,RIMM,ROST,RYAAY,SBUX,SEPR,SHLD,SIAL,SIRI,SNDK,SPLS,TEVA,TLAB,UAUA,VRSN,VRTX,WFMI,WYNN,XLNX,XMSR,XRAY,YHOO"
8/27/2007,"AAPL,ADBE,ADSK,AKAM,ALTR,AMAT,AMGN,AMLN,AMZN,APOL,ATVI,BBBY,BEAS,BIIB,BKNG,CDNS,CDWC,CELG,CEPH,CHKP,CHRW,CKFR,COST,CSCO,CTAS,CTSH,CTXS,DELL,DISCA,DISCK,DISH,EA,EBAY,ERIC,ESRX,EXPD,EXPE,FAST,FI,FLEX,FOXA,FWLT,GENZ,GILD,GOOGL,GRMN,HSIC,IACI,INFY,INTC,INTU,ISRG,JAVA,JNPR,JOYG,KLAC,LAMR,LBTYA,LLTC,LMCK,LOGI,LRCX,LVLT,MCHP,MDLZ,MICC,MNST,MRVL,MSFT,NIHD,NLOK,NTAP,NVDA,ORCL,PAYX,PCAR,PDCO,PETM,PTEN,QCOM,QRTEA,RIMM,ROST,RYAAY,SBUX,SEPR,SHLD,SIAL,SIRI,SNDK,SPLS,TEVA,TLAB,UAUA,VMED,VRSN,VRTX,WFMI,WYNN,XLNX,XMSR,XRAY,YHOO"
10/8/2007,"AAPL,ADBE,ADSK,AKAM,ALTR,AMAT,AMGN,AMLN,AMZN,APOL,ATVI,BBBY,BEAS,BIIB,BKNG,CDNS,CELG,CEPH,CHKP,CHRW,CKFR,COST,CSCO,CTAS,CTSH,CTXS,DELL,DISCA,DISCK,DISH,EA,EBAY,ERIC,ESRX,EXPD,EXPE,FAST,FI,FLEX,FOXA,FWLT,GENZ,GILD,GOOGL,GRMN,HSIC,IACI,INFY,INTC,INTU,ISRG,JAVA,JNPR,JOYG,KLAC,LAMR,LBTYA,LEAP,LLTC,LMCK,LOGI,LRCX,LVLT,MCHP,MDLZ,MICC,MNST,MRVL,MSFT,NIHD,NLOK,NTAP,NVDA,ORCL,PAYX,PCAR,PDCO,PETM,PTEN,QCOM,QRTEA,RIMM,ROST,RYAAY,SBUX,SEPR,SHLD,SIAL,SIRI,SNDK,SPLS,TEVA,TLAB,UAUA,VMED,VRSN,VRTX,WFMI,WYNN,XLNX,XMSR,XRAY,YHOO"
12/4/2007,"AAPL,ADBE,ADSK,AKAM,ALTR,AMAT,AMGN,AMLN,AMZN,APOL,ATVI,BBBY,BEAS,BIDU,BIIB,BKNG,CDNS,CELG,CEPH,CHKP,CHRW,COST,CSCO,CTAS,CTSH,CTXS,DELL,DISCA,DISCK,DISH,EA,EBAY,ERIC,ESRX,EXPD,EXPE,FAST,FI,FLEX,FOXA,FWLT,GENZ,GILD,GOOGL,GRMN,HSIC,IACI,INFY,INTC,INTU,ISRG,JAVA,JNPR,JOYG,KLAC,LAMR,LBTYA,LEAP,LLTC,LMCK,LOGI,LRCX,LVLT,MCHP,MDLZ,MICC,MNST,MRVL,MSFT,NIHD,NLOK,NTAP,NVDA,ORCL,PAYX,PCAR,PDCO,PETM,PTEN,QCOM,QRTEA,RIMM,ROST,RYAAY,SBUX,SEPR,SHLD,SIAL,SIRI,SNDK,SPLS,TEVA,TLAB,UAUA,VMED,VRSN,VRTX,WFMI,WYNN,XLNX,XMSR,XRAY,YHOO"
12/24/2007,"AAPL,ADBE,ADSK,AKAM,ALTR,AMAT,AMGN,AMLN,AMZN,APOL,ATVI,BBBY,BEAS,BIDU,BIIB,BKNG,CDNS,CELG,CEPH,CHKP,CHRW,COST,CSCO,CTAS,CTSH,CTXS,DELL,DISCA,DISCK,DISH,EA,EBAY,ESRX,EXPD,EXPE,FAST,FI,FLEX,FMCN,FOXA,FWLT,GENZ,GILD,GOOGL,GRMN,HANS,HOLX,HSIC,IACI,INFY,INTC,INTU,ISRG,JAVA,JNPR,JOYG,KLAC,LAMR,LBTYA,LEAP,LLTC,LMCK,LOGI,LRCX,LVLT,MCHP,MDLZ,MICC,MNST,MRVL,MSFT,NIHD,NLOK,NTAP,NVDA,ORCL,PAYX,PCAR,PDCO,PETM,QCOM,QRTEA,RIMM,RYAAY,SBUX,SHLD,SIAL,SIRI,SNDK,SPLS,SRCL,STLD,TEVA,TLAB,UAUA,VMED,VRSN,VRTX,WFMI,WYNN,XLNX,XRAY,YHOO"
4/30/2008,"AAPL,ADBE,ADSK,AKAM,ALTR,AMAT,AMGN,AMLN,AMZN,APOL,ATVI,BBBY,BIDU,BIIB,BKNG,CDNS,CELG,CEPH,CHKP,CHRW,COST,CSCO,CTAS,CTSH,CTXS,DELL,DISCA,DISCK,DISH,DTV,EA,EBAY,ESRX,EXPD,EXPE,FAST,FI,FLEX,FMCN,FOXA,FWLT,GENZ,GILD,GOOGL,GRMN,HANS,HOLX,HSIC,IACI,INFY,INTC,INTU,ISRG,JAVA,JNPR,JOYG,KLAC,LAMR,LBTYA,LEAP,LLTC,LMCK,LOGI,LRCX,LVLT,MCHP,MDLZ,MICC,MNST,MRVL,MSFT,NIHD,NLOK,NTAP,NVDA,ORCL,PAYX,PCAR,PDCO,PETM,QCOM,QRTEA,RIMM,RYAAY,SBUX,SHLD,SIAL,SIRI,SNDK,SPLS,SRCL,STLD,TEVA,TLAB,UAUA,VMED,VRSN,VRTX,WFMI,WYNN,XLNX,XRAY,YHOO"
5/19/2008,"AAPL,ADBE,ADSK,AKAM,ALTR,AMAT,AMGN,AMLN,AMZN,APOL,ATVI,BBBY,BIDU,BIIB,BKNG,CA,CDNS,CELG,CEPH,CHKP,CHRW,COST,CSCO,CTAS,CTSH,CTXS,DELL,DISCA,DISCK,DISH,DTV,EA,EBAY,ESRX,EXPD,EXPE,FAST,FI,FLEX,FMCN,FOXA,FWLT,GENZ,GILD,GOOGL,GRMN,HANS,HOLX,HSIC,IACI,INFY,INTC,INTU,ISRG,JAVA,JNPR,JOYG,KLAC,LAMR,LBTYA,LEAP,LLTC,LMCK,LOGI,LRCX,LVLT,MCHP,MDLZ,MICC,MNST,MRVL,MSFT,NIHD,NLOK,NTAP,NVDA,ORCL,PAYX,PCAR,PDCO,PETM,QCOM,QRTEA,RIMM,RYAAY,SBUX,SHLD,SIAL,SIRI,SNDK,SPLS,SRCL,STLD,TEVA,UAUA,VMED,VRSN,VRTX,WFMI,WYNN,XLNX,XRAY,YHOO"
7/21/2008,"AAPL,ADBE,ADSK,AKAM,ALTR,AMAT,AMGN,AMLN,AMZN,APOL,ATVI,BBBY,BIDU,BIIB,BKNG,CA,CDNS,CELG,CEPH,CHKP,CHRW,COST,CSCO,CTAS,CTSH,CTXS,DELL,DISCA,DISCK,DISH,DTV,EA,EBAY,ESRX,EXPD,EXPE,FAST,FI,FLEX,FLIR,FMCN,FOXA,FWLT,GENZ,GILD,GOOGL,GRMN,HANS,HOLX,HSIC,IACI,INFY,INTC,INTU,ISRG,JAVA,JNPR,JOYG,KLAC,LAMR,LBTYA,LEAP,LLTC,LMCK,LOGI,LRCX,LVLT,MCHP,MDLZ,MICC,MNST,MRVL,MSFT,NIHD,NLOK,NTAP,NVDA,ORCL,PAYX,PCAR,PDCO,PETM,QCOM,QRTEA,RIMM,RYAAY,SBUX,SHLD,SIAL,SIRI,SNDK,SPLS,SRCL,STLD,TEVA,VMED,VRSN,VRTX,WFMI,WYNN,XLNX,XRAY,YHOO"
11/10/2008,"AAPL,ADBE,ADSK,AKAM,ALTR,AMAT,AMGN,AMLN,AMZN,APOL,ATVI,BBBY,BIDU,BIIB,BKNG,CA,CDNS,CELG,CEPH,CHKP,CHRW,COST,CSCO,CTAS,CTSH,CTXS,DELL,DISCA,DISCK,DISH,DTV,EA,EBAY,ESRX,EXPD,EXPE,FAST,FI,FLEX,FLIR,FMCN,FOXA,FWLT,GENZ,GILD,GOOGL,GRMN,HANS,HOLX,HSIC,IACI,INFY,INTC,INTU,ISRG,JAVA,JNPR,JOYG,KLAC,LAMR,LBTYA,LEAP,LLTC,LMCK,LOGI,LRCX,LVLT,MCHP,MDLZ,MICC,MRVL,MSFT,NIHD,NLOK,NTAP,NVDA,ORCL,PAYX,PCAR,PDCO,PETM,QCOM,QRTEA,RIMM,RYAAY,SBUX,SHLD,SIAL,SIRI,SNDK,SPLS,SRCL,STLD,STX,TEVA,VMED,VRSN,VRTX,WFMI,WYNN,XLNX,XRAY,YHOO"
12/22/2008,"AAPL,ADBE,ADP,ADSK,AKAM,ALTR,AMAT,AMGN,AMZN,APOL,ATVI,BBBY,BIDU,BIIB,BKNG,CA,CELG,CEPH,CHKP,CHRW,COST,CSCO,CTAS,CTSH,CTXS,DELL,DISCK,DISH,DTV,EA,EBAY,ESRX,EXPD,EXPE,FAST,FI,FLEX,FLIR,FMCN,FOXA,FSLR,FWLT,GENZ,GILD,GOOGL,GRMN,HANS,HOLX,HSIC,IACI,ILMN,INFY,INTC,INTU,ISRG,JAVA,JBHT,JNPR,JOYG,KLAC,LBTYA,LIFE,LLTC,LMCK,LOGI,LRCX,MCHP,MDLZ,MICC,MRVL,MSFT,MXIM,NIHD,NLOK,NTAP,NVDA,ORCL,ORLY,PAYX,PCAR,PDCO,PPDI,QCOM,QRTEA,RIMM,ROST,RYAAY,SBUX,SHLD,SIAL,SPLS,SRCL,STLD,STX,TEVA,URBN,VRSN,VRTX,WCRX,WYNN,XLNX,XRAY,YHOO"
1/20/2009,"AAPL,ADBE,ADP,ADSK,AKAM,ALTR,AMAT,AMGN,AMZN,APOL,ATVI,BBBY,BIDU,BIIB,BKNG,CA,CELG,CEPH,CHKP,CHRW,COST,CSCO,CTAS,CTSH,CTXS,DELL,DISCK,DISH,DTV,EA,EBAY,ESRX,EXPD,EXPE,FAST,FI,FLEX,FLIR,FOXA,FSLR,FWLT,GENZ,GILD,GOOGL,GRMN,HANS,HOLX,HSIC,IACI,ILMN,INFY,INTC,INTU,ISRG,JAVA,JBHT,JNPR,JOYG,KLAC,LBTYA,LIFE,LLTC,LMCK,LOGI,LRCX,MCHP,MDLZ,MICC,MRVL,MSFT,MXIM,NIHD,NLOK,NTAP,NVDA,ORCL,ORLY,PAYX,PCAR,PDCO,PPDI,QCOM,QRTEA,RIMM,ROST,RYAAY,SBUX,SHLD,SIAL,SPLS,SRCL,STLD,STX,TEVA,URBN,VRSN,VRTX,WCRX,WYNN,XLNX,XRAY,YHOO"
7/17/2009,"AAPL,ADBE,ADP,ADSK,AKAM,ALTR,AMAT,AMGN,AMZN,APOL,ATVI,BBBY,BIDU,BIIB,BKNG,CA,CELG,CEPH,CERN,CHKP,CHRW,COST,CSCO,CTAS,CTSH,CTXS,DELL,DISCK,DISH,DTV,EA,EBAY,ESRX,EXPD,EXPE,FAST,FI,FLEX,FLIR,FOXA,FSLR,FWLT,GENZ,GILD,GOOGL,GRMN,HANS,HOLX,HSIC,IACI,ILMN,INFY,INTC,INTU,ISRG,JBHT,JNPR,JOYG,KLAC,LBTYA,LIFE,LLTC,LMCK,LOGI,LRCX,MCHP,MDLZ,MICC,MRVL,MSFT,MXIM,NIHD,NLOK,NTAP,NVDA,ORCL,ORLY,PAYX,PCAR,PDCO,PPDI,QCOM,QRTEA,RIMM,ROST,RYAAY,SBUX,SHLD,SIAL,SPLS,SRCL,STLD,STX,TEVA,URBN,VRSN,VRTX,WCRX,WYNN,XLNX,XRAY,YHOO"
10/29/2009,"AAPL,ADBE,ADP,ADSK,AKAM,ALTR,AMAT,AMGN,AMZN,APOL,ATVI,BBBY,BIDU,BIIB,BKNG,CA,CELG,CEPH,CERN,CHKP,CHRW,COST,CSCO,CTAS,CTSH,CTXS,DELL,DISCK,DISH,DTV,EA,EBAY,ESRX,EXPD,EXPE,FAST,FI,FLEX,FLIR,FOXA,FSLR,FWLT,GENZ,GILD,GOOGL,GRMN,HANS,HOLX,HSIC,IACI,ILMN,INFY,INTC,INTU,ISRG,JBHT,JOYG,KLAC,LBTYA,LIFE,LLTC,LMCK,LOGI,LRCX,MCHP,MDLZ,MICC,MRVL,MSFT,MXIM,NIHD,NLOK,NTAP,NVDA,ORCL,ORLY,PAYX,PCAR,PDCO,PPDI,QCOM,QRTEA,RIMM,ROST,RYAAY,SBUX,SHLD,SIAL,SPLS,SRCL,STLD,STX,TEVA,URBN,VRSN,VRTX,WCRX,WYNN,XLNX,XRAY,YHOO"
12/21/2009,"AAPL,ADBE,ADP,ADSK,ALTR,AMAT,AMGN,AMZN,APOL,ATVI,BBBY,BIDU,BIIB,BKNG,BMC,CA,CELG,CEPH,CERN,CHKP,CHRW,COST,CSCO,CTAS,CTSH,CTXS,DELL,DISCK,DISH,DTV,EA,EBAY,ESRX,EXPD,EXPE,FAST,FI,FLEX,FLIR,FOXA,FSLR,FWLT,GENZ,GILD,GOOGL,GRMN,HOLX,HSIC,ILMN,INFY,INTC,INTU,ISRG,JBHT,JOYG,KLAC,LIFE,LLTC,LMCK,LOGI,LRCX,MAT,MCHP,MDLZ,MICC,MRVL,MSFT,MXIM,MYL,NIHD,NLOK,NTAP,NVDA,ORCL,ORLY,PAYX,PCAR,PDCO,QCOM,QGEN,QRTEA,RIMM,ROST,SBUX,SHLD,SIAL,SNDK,SPLS,SRCL,STX,TEVA,URBN,VMED,VOD,VRSN,VRTX,WCRX,WYNN,XLNX,XRAY,YHOO"
12/20/2010,"AAPL,ADBE,ADP,ADSK,AKAM,ALTR,AMAT,AMGN,AMZN,APOL,ATVI,BBBY,BIDU,BIIB,BKNG,BMC,CA,CELG,CEPH,CERN,CHKP,CHRW,COST,CSCO,CTSH,CTXS,DELL,DISCK,DLTR,DTV,EA,EBAY,ESRX,EXPD,EXPE,FAST,FFIV,FI,FLEX,FLIR,FOXA,FSLR,GENZ,GILD,GOOGL,GRMN,HSIC,ILMN,INFY,INTC,INTU,ISRG,JOYG,KLAC,LIFE,LLTC,LMCK,LRCX,MAT,MCHP,MDLZ,MICC,MRVL,MSFT,MU,MXIM,MYL,NFLX,NIHD,NLOK,NTAP,NVDA,ORCL,ORLY,PAYX,PCAR,QCOM,QGEN,QRTEA,RIMM,ROST,SBUX,SHLD,SIAL,SNDK,SPLS,SRCL,STX,TCOM,TEVA,URBN,VMED,VOD,VRSN,VRTX,WCRX,WFM,WYNN,XLNX,XRAY,YHOO"
4/4/2011,"AAPL,ADBE,ADP,ADSK,AKAM,ALTR,ALXN,AMAT,AMGN,AMZN,APOL,ATVI,BBBY,BIDU,BIIB,BKNG,BMC,CA,CELG,CEPH,CERN,CHKP,CHRW,COST,CSCO,CTSH,CTXS,DELL,DISCK,DLTR,DTV,EA,EBAY,ESRX,EXPD,EXPE,FAST,FFIV,FI,FLEX,FLIR,FOXA,FSLR,GILD,GOOGL,GRMN,HSIC,ILMN,INFY,INTC,INTU,ISRG,JOYG,KLAC,LIFE,LLTC,LMCK,LRCX,MAT,MCHP,MDLZ,MICC,MRVL,MSFT,MU,MXIM,MYL,NFLX,NIHD,NLOK,NTAP,NVDA,ORCL,ORLY,PAYX,PCAR,QCOM,QGEN,QRTEA,RIMM,ROST,SBUX,SHLD,SIAL,SNDK,SPLS,SRCL,STX,TCOM,TEVA,URBN,VMED,VOD,VRSN,VRTX,WCRX,WFM,WYNN,XLNX,XRAY,YHOO"
5/27/2011,"AAPL,ADBE,ADP,ADSK,AKAM,ALTR,ALXN,AMAT,AMGN,AMZN,APOL,ATVI,BBBY,BIDU,BIIB,BKNG,BMC,CA,CELG,CEPH,CERN,CHKP,CHRW,COST,CSCO,CTSH,CTXS,DELL,DISCK,DLTR,DTV,EA,EBAY,ESRX,EXPD,EXPE,FAST,FFIV,FI,FLEX,FLIR,FOXA,FSLR,GILD,GMCR,GOOGL,GRMN,HSIC,ILMN,INFY,INTC,INTU,ISRG,JOYG,KLAC,LIFE,LLTC,LMCK,LRCX,MAT,MCHP,MDLZ,MRVL,MSFT,MU,MXIM,MYL,NFLX,NIHD,NLOK,NTAP,NVDA,ORCL,ORLY,PAYX,PCAR,QCOM,QGEN,QRTEA,RIMM,ROST,SBUX,SHLD,SIAL,SNDK,SPLS,SRCL,STX,TCOM,TEVA,URBN,VMED,VOD,VRSN,VRTX,WCRX,WFM,WYNN,XLNX,XRAY,YHOO"
7/15/2011,"AAPL,ADBE,ADP,ADSK,AKAM,ALTR,ALXN,AMAT,AMGN,AMZN,APOL,ATVI,BBBY,BIDU,BIIB,BKNG,BMC,CA,CELG,CERN,CHKP,CHRW,COST,CSCO,CTSH,CTXS,DELL,DISCK,DLTR,DTV,EA,EBAY,ESRX,EXPD,EXPE,FAST,FFIV,FI,FLEX,FLIR,FOXA,FSLR,GILD,GMCR,GOOGL,GRMN,HSIC,ILMN,INFY,INTC,INTU,ISRG,JOYG,KLAC,LIFE,LLTC,LMCK,LRCX,MAT,MCHP,MDLZ,MRVL,MSFT,MU,MXIM,MYL,NFLX,NIHD,NLOK,NTAP,NVDA,ORCL,ORLY,PAYX,PCAR,QCOM,QGEN,QRTEA,RIMM,ROST,SBUX,SHLD,SIAL,SIRI,SNDK,SPLS,SRCL,STX,TCOM,TEVA,URBN,VMED,VOD,VRSN,VRTX,WCRX,WFM,WYNN,XLNX,XRAY,YHOO"
12/6/2011,"AAPL,ADBE,ADP,ADSK,AKAM,ALTR,ALXN,AMAT,AMGN,AMZN,APOL,ATVI,BBBY,BIDU,BIIB,BKNG,BMC,CA,CELG,CERN,CHKP,CHRW,COST,CSCO,CTSH,CTXS,DELL,DISCK,DLTR,DTV,EA,EBAY,ESRX,EXPD,EXPE,FAST,FFIV,FI,FLEX,FLIR,FOXA,FSLR,GILD,GMCR,GOOGL,GRMN,HSIC,ILMN,INFY,INTC,INTU,ISRG,KLAC,LIFE,LLTC,LMCK,LRCX,MAT,MCHP,MDLZ,MRVL,MSFT,MU,MXIM,MYL,NFLX,NIHD,NLOK,NTAP,NVDA,ORCL,ORLY,PAYX,PCAR,PRGO,QCOM,QGEN,QRTEA,RIMM,ROST,SBUX,SHLD,SIAL,SIRI,SNDK,SPLS,SRCL,STX,TCOM,TEVA,URBN,VMED,VOD,VRSN,VRTX,WCRX,WFM,WYNN,XLNX,XRAY,YHOO"
12/19/2011,"AAPL,ADBE,ADP,ADSK,AKAM,ALTR,ALXN,AMAT,AMGN,AMZN,APOL,ATVI,AVGO,BBBY,BIDU,BIIB,BKNG,BMC,CA,CELG,CERN,CHKP,CHRW,COST,CSCO,CTSH,CTXS,DELL,DISCK,DLTR,DTV,EA,EBAY,ESRX,EXPD,EXPE,FAST,FFIV,FI,FLEX,FOSL,FOXA,FSLR,GILD,GMCR,GOLD,GOOGL,GRMN,HSIC,INFY,INTC,INTU,ISRG,KLAC,LIFE,LLTC,LMCK,LRCX,MAT,MCHP,MDLZ,MNST,MRVL,MSFT,MU,MXIM,MYL,NFLX,NLOK,NTAP,NUAN,NVDA,ORCL,ORLY,PAYX,PCAR,PRGO,QCOM,QRTEA,RIMM,ROST,SBUX,SHLD,SIAL,SIRI,SNDK,SPLS,SRCL,STX,TCOM,TEVA,VMED,VOD,VRSN,VRTX,WCRX,WFM,WYNN,XLNX,XRAY,YHOO"
4/23/2012,"AAPL,ADBE,ADP,ADSK,AKAM,ALTR,ALXN,AMAT,AMGN,AMZN,APOL,ATVI,AVGO,BBBY,BIDU,BIIB,BKNG,BMC,CA,CELG,CERN,CHKP,CHRW,COST,CSCO,CTSH,CTXS,DELL,DISCK,DLTR,DTV,EA,EBAY,ESRX,EXPD,EXPE,FAST,FFIV,FI,FLEX,FOSL,FOXA,GILD,GMCR,GOLD,GOOGL,GRMN,HSIC,INFY,INTC,INTU,ISRG,KLAC,LIFE,LLTC,LMCK,LRCX,MAT,MCHP,MDLZ,MNST,MRVL,MSFT,MU,MXIM,MYL,NFLX,NLOK,NTAP,NUAN,NVDA,ORCL,ORLY,PAYX,PCAR,PRGO,QCOM,QRTEA,RIMM,ROST,SBUX,SHLD,SIAL,SIRI,SNDK,SPLS,SRCL,STX,TCOM,TEVA,TXN,VMED,VOD,VRSN,VRTX,WCRX,WFM,WYNN,XLNX,XRAY,YHOO"
5/30/2012,"AAPL,ADBE,ADP,ADSK,AKAM,ALTR,ALXN,AMAT,AMGN,AMZN,APOL,ATVI,AVGO,BBBY,BIDU,BIIB,BKNG,BMC,CA,CELG,CERN,CHKP,CHRW,COST,CSCO,CTSH,CTXS,DELL,DISCK,DLTR,DTV,EA,EBAY,ESRX,EXPD,EXPE,FAST,FFIV,FI,FLEX,FOSL,FOXA,GILD,GMCR,GOLD,GOOGL,GRMN,HSIC,INFY,INTC,INTU,ISRG,KLAC,LIFE,LLTC,LMCK,LRCX,MAT,MCHP,MDLZ,MNST,MRVL,MSFT,MU,MXIM,MYL,NFLX,NLOK,NTAP,NUAN,NVDA,ORCL,ORLY,PAYX,PCAR,PRGO,QCOM,QRTEA,RIMM,ROST,SBUX,SHLD,SIAL,SIRI,SNDK,SPLS,SRCL,STX,TCOM,TXN,VIAB,VMED,VOD,VRSN,VRTX,WCRX,WFM,WYNN,XLNX,XRAY,YHOO"
7/23/2012,"AAPL,ADBE,ADP,ADSK,AKAM,ALTR,ALXN,AMAT,AMGN,AMZN,APOL,ATVI,AVGO,BBBY,BIDU,BIIB,BKNG,BMC,CA,CELG,CERN,CHKP,CHRW,COST,CSCO,CTSH,CTXS,DELL,DISCK,DLTR,DTV,EA,EBAY,ESRX,EXPD,EXPE,FAST,FFIV,FI,FLEX,FOSL,FOXA,GILD,GMCR,GOLD,GOOGL,GRMN,HSIC,INFY,INTC,INTU,ISRG,KLAC,LIFE,LLTC,LMCK,LRCX,MAT,MCHP,MDLZ,MNST,MRVL,MSFT,MU,MXIM,MYL,NFLX,NLOK,NTAP,NUAN,NVDA,ORCL,ORLY,PAYX,PCAR,PRGO,QCOM,QRTEA,RIMM,ROST,SBUX,SHLD,SIAL,SIRI,SNDK,SPLS,SRCL,STX,TXN,VIAB,VMED,VOD,VRSN,VRTX,WCRX,WFM,WYNN,XLNX,XRAY,YHOO"
12/12/2012,"AAPL,ADBE,ADP,ADSK,AKAM,ALTR,ALXN,AMAT,AMGN,AMZN,APOL,ATVI,AVGO,BBBY,BIDU,BIIB,BKNG,BMC,CA,CELG,CERN,CHKP,CHRW,COST,CSCO,CTSH,CTXS,DELL,DISCK,DLTR,DTV,EA,EBAY,ESRX,EXPD,EXPE,FAST,FFIV,FI,FLEX,FOSL,FOXA,GILD,GMCR,GOLD,GOOGL,GRMN,HSIC,INTC,INTU,ISRG,KLAC,LIFE,LLTC,LMCK,LRCX,MAT,MCHP,MDLZ,META,MNST,MRVL,MSFT,MU,MXIM,MYL,NFLX,NLOK,NTAP,NUAN,NVDA,ORCL,ORLY,PAYX,PCAR,PRGO,QCOM,QRTEA,RIMM,ROST,SBUX,SHLD,SIAL,SIRI,SNDK,SPLS,SRCL,STX,TXN,VIAB,VMED,VOD,VRSN,VRTX,WCRX,WFM,WYNN,XLNX,XRAY,YHOO"
12/24/2012,"AAPL,ADBE,ADI,ADP,ADSK,AKAM,ALTR,ALXN,AMAT,AMGN,AMZN,ATVI,AVGO,BBBY,BIDU,BIIB,BKNG,BMC,CA,CELG,CERN,CHKP,CHRW,COST,CSCO,CTRX,CTSH,CTXS,DELL,DISCA,DISCK,DLTR,DTV,EBAY,EQIX,ESRX,EXPD,EXPE,FAST,FFIV,FI,FOSL,FOXA,GILD,GOLD,GOOGL,GRMN,HSIC,INTC,INTU,ISRG,KLAC,LBTYA,LIFE,LLTC,LMCA,LMCK,MAT,MCHP,MDLZ,META,MNST,MSFT,MU,MXIM,MYL,NLOK,NTAP,NUAN,NVDA,ORCL,ORLY,PAYX,PCAR,PRGO,QCOM,QRTEA,REGN,ROST,SBAC,SBUX,SHLD,SIAL,SIRI,SNDK,SPLS,SRCL,STX,TXN,VIAB,VMED,VOD,VRSK,VRTX,WDC,WFM,WYNN,XLNX,XRAY,YHOO"
1/15/2013,"AAPL,ADBE,ADI,ADP,ADSK,AKAM,ALTR,ALXN,AMAT,AMGN,AMZN,ATVI,AVGO,BBBY,BIDU,BIIB,BKNG,BMC,CA,CELG,CERN,CHKP,CHRW,COST,CSCO,CTRX,CTSH,CTXS,DELL,DISCA,DISCK,DLTR,DTV,EBAY,EQIX,ESRX,EXPD,EXPE,FAST,FFIV,FI,FOSL,FOXA,GILD,GOLD,GOOGL,GRMN,HSIC,INTC,INTU,ISRG,KLAC,LBTYA,LIFE,LLTC,LMCK,MAT,MCHP,MDLZ,META,MNST,MSFT,MU,MXIM,MYL,NLOK,NTAP,NUAN,NVDA,ORCL,ORLY,PAYX,PCAR,PRGO,QCOM,QRTEA,REGN,ROST,SBAC,SBUX,SHLD,SIAL,SIRI,SNDK,SPLS,SRCL,STRZA,STX,TXN,VIAB,VMED,VOD,VRSK,VRTX,WDC,WFM,WYNN,XLNX,XRAY,YHOO"
3/18/2013,"AAPL,ADBE,ADI,ADP,ADSK,AKAM,ALTR,ALXN,AMAT,AMGN,AMZN,ATVI,AVGO,BBBY,BIDU,BIIB,BKNG,BMC,CA,CELG,CERN,CHKP,CHRW,COST,CSCO,CTRX,CTSH,CTXS,DELL,DISCA,DISCK,DLTR,DTV,EBAY,EQIX,ESRX,EXPD,EXPE,FAST,FFIV,FI,FOSL,FOXA,GILD,GOLD,GOOGL,GRMN,HSIC,INTC,INTU,ISRG,KLAC,KRFT,LBTYA,LIFE,LLTC,LMCK,MAT,MCHP,MDLZ,META,MNST,MSFT,MU,MXIM,MYL,NLOK,NTAP,NUAN,NVDA,ORCL,ORLY,PAYX,PCAR,PRGO,QCOM,QRTEA,REGN,ROST,SBAC,SBUX,SHLD,SIAL,SIRI,SNDK,SPLS,SRCL,STX,TXN,VIAB,VMED,VOD,VRSK,VRTX,WDC,WFM,WYNN,XLNX,XRAY,YHOO"
6/5/2013,"AAPL,ADBE,ADI,ADP,ADSK,AKAM,ALTR,ALXN,AMAT,AMGN,AMZN,ATVI,AVGO,BBBY,BIDU,BIIB,BKNG,BMC,CA,CELG,CERN,CHKP,CHRW,COST,CSCO,CTRX,CTSH,CTXS,DELL,DISCA,DISCK,DLTR,DTV,EBAY,EQIX,ESRX,EXPD,EXPE,FAST,FFIV,FI,FOSL,FOXA,GILD,GOLD,GOOGL,GRMN,HSIC,INTC,INTU,ISRG,KLAC,KRFT,LBTYA,LIFE,LLTC,LMCA,LMCK,MAT,MCHP,MDLZ,META,MNST,MSFT,MU,MXIM,MYL,NLOK,NTAP,NUAN,NVDA,ORCL,ORLY,PAYX,PCAR,PRGO,QCOM,QRTEA,REGN,ROST,SBAC,SBUX,SHLD,SIAL,SIRI,SNDK,SPLS,SRCL,STX,TXN,VIAB,VOD,VRSK,VRTX,WDC,WFM,WYNN,XLNX,XRAY,YHOO"
6/6/2013,"AAPL,ADBE,ADI,ADP,ADSK,AKAM,ALTR,ALXN,AMAT,AMGN,AMZN,ATVI,AVGO,BBBY,BIDU,BIIB,BKNG,BMC,CA,CELG,CERN,CHKP,CHRW,COST,CSCO,CTRX,CTSH,CTXS,DELL,DISCA,DISCK,DLTR,DTV,EBAY,EQIX,ESRX,EXPD,EXPE,FAST,FFIV,FI,FOSL,FOXA,GILD,GOLD,GOOGL,GRMN,HSIC,INTC,INTU,ISRG,KLAC,KRFT,LBTYA,LIFE,LLTC,LMCA,LMCK,MAT,MCHP,MDLZ,META,MNST,MSFT,MU,MXIM,MYL,NFLX,NLOK,NTAP,NUAN,NVDA,ORCL,ORLY,PAYX,PCAR,QCOM,QRTEA,REGN,ROST,SBAC,SBUX,SHLD,SIAL,SIRI,SNDK,SPLS,SRCL,STX,TXN,VIAB,VOD,VRSK,VRTX,WDC,WFM,WYNN,XLNX,XRAY,YHOO"
7/15/2013,"AAPL,ADBE,ADI,ADP,ADSK,AKAM,ALTR,ALXN,AMAT,AMGN,AMZN,ATVI,AVGO,BBBY,BIDU,BIIB,BKNG,BMC,CA,CELG,CERN,CHKP,CHRW,COST,CSCO,CTRX,CTSH,CTXS,DELL,DISCA,DISCK,DLTR,DTV,EBAY,EQIX,ESRX,EXPD,EXPE,FAST,FFIV,FI,FOSL,FOXA,GILD,GOLD,GOOGL,GRMN,HSIC,INTC,INTU,ISRG,KLAC,KRFT,LBTYA,LIFE,LLTC,LMCA,LMCK,MAT,MCHP,MDLZ,META,MNST,MSFT,MU,MXIM,MYL,NFLX,NLOK,NTAP,NUAN,NVDA,ORLY,PAYX,PCAR,QCOM,QRTEA,REGN,ROST,SBAC,SBUX,SHLD,SIAL,SIRI,SNDK,SPLS,SRCL,STX,TSLA,TXN,VIAB,VOD,VRSK,VRTX,WDC,WFM,WYNN,XLNX,XRAY,YHOO"
7/25/2013,"AAPL,ADBE,ADI,ADP,ADSK,AKAM,ALTR,ALXN,AMAT,AMGN,AMZN,ATVI,AVGO,BBBY,BIDU,BIIB,BKNG,CA,CELG,CERN,CHKP,CHRW,CHTR,COST,CSCO,CTRX,CTSH,CTXS,DELL,DISCA,DISCK,DLTR,DTV,EBAY,EQIX,ESRX,EXPD,EXPE,FAST,FFIV,FI,FOSL,FOXA,GILD,GOLD,GOOGL,GRMN,HSIC,INTC,INTU,ISRG,KLAC,KRFT,LBTYA,LIFE,LLTC,LMCA,LMCK,MAT,MCHP,MDLZ,META,MNST,MSFT,MU,MXIM,MYL,NFLX,NLOK,NTAP,NUAN,NVDA,ORLY,PAYX,PCAR,QCOM,QRTEA,REGN,ROST,SBAC,SBUX,SHLD,SIAL,SIRI,SNDK,SPLS,SRCL,STX,TSLA,TXN,VIAB,VOD,VRSK,VRTX,WDC,WFM,WYNN,XLNX,XRAY,YHOO"
8/22/2013,"AAPL,ADBE,ADI,ADP,ADSK,AKAM,ALTR,ALXN,AMAT,AMGN,AMZN,ATVI,AVGO,BBBY,BIDU,BIIB,BKNG,CA,CELG,CERN,CHKP,CHRW,CHTR,COST,CSCO,CTRX,CTSH,CTXS,DELL,DISCA,DISCK,DLTR,DTV,EBAY,EQIX,ESRX,EXPD,EXPE,FAST,FFIV,FI,FOSL,FOXA,GILD,GMCR,GOLD,GOOGL,GRMN,HSIC,INTC,INTU,ISRG,KLAC,KRFT,LBTYA,LLTC,LMCA,LMCK,MAT,MCHP,MDLZ,META,MNST,MSFT,MU,MXIM,MYL,NFLX,NLOK,NTAP,NUAN,NVDA,ORLY,PAYX,PCAR,QCOM,QRTEA,REGN,ROST,SBAC,SBUX,SHLD,SIAL,SIRI,SNDK,SPLS,SRCL,STX,TSLA,TXN,VIAB,VOD,VRSK,VRTX,WDC,WFM,WYNN,XLNX,XRAY,YHOO"
10/29/2013,"AAPL,ADBE,ADI,ADP,ADSK,AKAM,ALTR,ALXN,AMAT,AMGN,AMZN,ATVI,AVGO,BBBY,BIDU,BIIB,BKNG,CA,CELG,CERN,CHKP,CHRW,CHTR,COST,CSCO,CTRX,CTSH,CTXS,DISCA,DISCK,DLTR,DTV,EBAY,EQIX,ESRX,EXPD,EXPE,FAST,FFIV,FI,FOSL,FOXA,GILD,GMCR,GOLD,GOOGL,GRMN,HSIC,INTC,INTU,ISRG,KLAC,KRFT,LBTYA,LLTC,LMCA,LMCK,MAT,MCHP,MDLZ,META,MNST,MSFT,MU,MXIM,MYL,NFLX,NLOK,NTAP,NUAN,NVDA,ORLY,PAYX,PCAR,QCOM,QRTEA,REGN,ROST,SBAC,SBUX,SHLD,SIAL,SIRI,SNDK,SPLS,SRCL,STX,TSLA,TXN,VIAB,VIP,VOD,VRSK,VRTX,WDC,WFM,WYNN,XLNX,XRAY,YHOO"
11/18/2013,"AAPL,ADBE,ADI,ADP,ADSK,AKAM,ALTR,ALXN,AMAT,AMGN,AMZN,ATVI,AVGO,BBBY,BIDU,BIIB,BKNG,CA,CELG,CERN,CHKP,CHRW,CHTR,COST,CSCO,CTRX,CTSH,CTXS,DISCA,DISCK,DLTR,DTV,EBAY,EQIX,ESRX,EXPD,EXPE,FAST,FFIV,FI,FOSL,FOXA,GILD,GMCR,GOOGL,GRMN,HSIC,INTC,INTU,ISRG,KLAC,KRFT,LBTYA,LLTC,LMCA,LMCK,MAR,MAT,MCHP,MDLZ,META,MNST,MSFT,MU,MXIM,MYL,NFLX,NLOK,NTAP,NUAN,NVDA,ORLY,PAYX,PCAR,QCOM,QRTEA,REGN,ROST,SBAC,SBUX,SHLD,SIAL,SIRI,SNDK,SPLS,SRCL,STX,TSLA,TXN,VIAB,VIP,VOD,VRSK,VRTX,WDC,WFM,WYNN,XLNX,XRAY,YHOO"
12/23/2013,"AAPL,ADBE,ADI,ADP,ADSK,AKAM,ALTR,ALXN,AMAT,AMGN,AMZN,ATVI,AVGO,BBBY,BIDU,BIIB,BKNG,CA,CELG,CERN,CHKP,CHRW,CHTR,COST,CSCO,CTRX,CTSH,CTXS,DISCA,DISCK,DISH,DLTR,DTV,EBAY,EQIX,ESRX,EXPD,EXPE,FAST,FFIV,FI,FOXA,GILD,GMCR,GOOGL,GRMN,HSIC,ILMN,INTC,INTU,ISRG,KLAC,KRFT,LBTYA,LLTC,LMCA,LMCK,MAR,MAT,MDLZ,META,MNST,MSFT,MU,MXIM,MYL,NFLX,NLOK,NTAP,NVDA,NXPI,ORLY,PAYX,PCAR,QCOM,QRTEA,REGN,ROST,SBAC,SBUX,SIAL,SIRI,SNDK,SPLS,SRCL,STX,TRIP,TSCO,TSLA,TXN,VIAB,VIP,VOD,VRSK,VRTX,WDC,WFM,WYNN,XLNX,YHOO"
4/3/2014,"AAPL,ADBE,ADI,ADP,ADSK,AKAM,ALTR,ALXN,AMAT,AMGN,AMZN,ATVI,AVGO,BBBY,BIDU,BIIB,BKNG,CA,CELG,CERN,CHKP,CHRW,CHTR,COST,CSCO,CTRX,CTSH,CTXS,DISCA,DISCK,DISH,DLTR,DTV,EBAY,EQIX,ESRX,EXPD,EXPE,FAST,FFIV,FI,FOXA,GILD,GMCR,GOOG,GOOGL,GRMN,HSIC,ILMN,INTC,INTU,ISRG,KLAC,KRFT,LBTYA,LLTC,LMCA,LMCK,MAR,MAT,MDLZ,META,MNST,MSFT,MU,MXIM,MYL,NFLX,NLOK,NTAP,NVDA,NXPI,ORLY,PAYX,PCAR,QCOM,QRTEA,REGN,ROST,SBAC,SBUX,SIAL,SIRI,SNDK,SPLS,SRCL,STX,TRIP,TSCO,TSLA,TXN,VIAB,VIP,VOD,VRSK,VRTX,WDC,WFM,WYNN,XLNX,YHOO"
12/22/2014,"AAL,AAPL,ADBE,ADI,ADP,ADSK,AKAM,ALTR,ALXN,AMAT,AMGN,AMZN,ATVI,AVGO,BBBY,BIDU,BIIB,BKNG,CA,CELG,CERN,CHKP,CHRW,CHTR,CMCSA,COST,CSCO,CTRX,CTSH,CTXS,DISCA,DISCK,DISH,DLTR,DTV,EA,EBAY,EQIX,ESRX,EXPD,FAST,FI,FOX,FOXA,GILD,GMCR,GOOG,GOOGL,GRMN,HSIC,ILMN,INTC,INTU,ISRG,KLAC,KRFT,LBTYA,LBTYK,LLTC,LMCA,LMCK,LRCX,MAR,MAT,MDLZ,META,MNST,MSFT,MU,MYL,NFLX,NLOK,NTAP,NVDA,NXPI,ORLY,PAYX,PCAR,QCOM,QRTEA,REGN,ROST,SBAC,SBUX,SIAL,SIRI,SNDK,SPLS,SRCL,STX,TRIP,TSCO,TSLA,TXN,VIAB,VIP,VOD,VRSK,VRTX,WDC,WFM,WYNN,XLNX,YHOO"
3/23/2015,"AAL,AAPL,ADBE,ADI,ADP,ADSK,AKAM,ALTR,ALXN,AMAT,AMGN,AMZN,ATVI,AVGO,BBBY,BIDU,BIIB,BKNG,CA,CELG,CERN,CHKP,CHRW,CHTR,CMCSA,COST,CSCO,CTRX,CTSH,CTXS,DISCA,DISCK,DISH,DLTR,DTV,EA,EBAY,ESRX,EXPD,FAST,FI,FOX,FOXA,GILD,GMCR,GOOG,GOOGL,GRMN,HSIC,ILMN,INTC,INTU,ISRG,KLAC,KRFT,LBTYA,LBTYK,LLTC,LMCA,LMCK,LRCX,MAR,MAT,MDLZ,META,MNST,MSFT,MU,MYL,NFLX,NLOK,NTAP,NVDA,NXPI,ORLY,PAYX,PCAR,QCOM,QRTEA,REGN,ROST,SBAC,SBUX,SIAL,SIRI,SNDK,SPLS,SRCL,STX,TRIP,TSCO,TSLA,TXN,VIAB,VIP,VOD,VRSK,VRTX,WBA,WDC,WFM,WYNN,XLNX,YHOO"
7/2/2015,"AAL,AAPL,ADBE,ADI,ADP,ADSK,AKAM,ALTR,ALXN,AMAT,AMGN,AMZN,ATVI,AVGO,BBBY,BIDU,BIIB,BKNG,CA,CELG,CERN,CHKP,CHRW,CHTR,CMCSA,COST,CSCO,CTRX,CTSH,CTXS,DISCA,DISCK,DISH,DLTR,DTV,EA,EBAY,ESRX,EXPD,FAST,FI,FOX,FOXA,GILD,GMCR,GOOG,GOOGL,GRMN,HSIC,ILMN,INTC,INTU,ISRG,KHC,KLAC,LBTYA,LBTYK,LILA,LILAK,LLTC,LMCA,LMCK,LRCX,MAR,MAT,MDLZ,META,MNST,MSFT,MU,MYL,NFLX,NLOK,NTAP,NVDA,NXPI,ORLY,PAYX,PCAR,QCOM,QRTEA,REGN,ROST,SBAC,SBUX,SIAL,SIRI,SNDK,SPLS,SRCL,STX,TRIP,TSCO,TSLA,TXN,VIAB,VIP,VOD,VRSK,VRTX,WBA,WDC,WFM,WYNN,XLNX,YHOO"
7/24/2015,"AAL,AAPL,ADBE,ADI,ADP,ADSK,AKAM,ALTR,ALXN,AMAT,AMGN,AMZN,ATVI,AVGO,BBBY,BIDU,BIIB,BKNG,CA,CELG,CERN,CHKP,CHRW,CHTR,CMCSA,COST,CSCO,CTSH,CTXS,DISCA,DISCK,DISH,DLTR,EA,EBAY,ESRX,EXPD,FAST,FI,FOX,FOXA,GILD,GMCR,GOOG,GOOGL,GRMN,HSIC,ILMN,INTC,INTU,ISRG,KHC,KLAC,LBTYA,LBTYK,LILA,LILAK,LLTC,LMCA,LMCK,LRCX,MAR,MAT,MDLZ,META,MNST,MSFT,MU,MYL,NFLX,NLOK,NTAP,NVDA,NXPI,ORLY,PAYX,PCAR,QCOM,QRTEA,REGN,ROST,SBAC,SBUX,SIAL,SIRI,SNDK,SPLS,SRCL,STX,TRIP,TSCO,TSLA,TXN,VIAB,VIP,VOD,VRSK,VRTX,WBA,WDC,WFM,WYNN,XLNX,YHOO"
7/27/2015,"AAL,AAPL,ADBE,ADI,ADP,ADSK,AKAM,ALTR,ALXN,AMAT,AMGN,AMZN,ATVI,AVGO,BBBY,BIDU,BIIB,BKNG,BMRN,CA,CELG,CERN,CHKP,CHRW,CHTR,CMCSA,COST,CSCO,CTSH,CTXS,DISCA,DISCK,DISH,DLTR,EA,EBAY,ESRX,EXPD,FAST,FI,FOX,FOXA,GILD,GMCR,GOOG,GOOGL,GRMN,HSIC,ILMN,INTC,INTU,ISRG,KHC,KLAC,LBTYA,LBTYK,LILA,LILAK,LLTC,LMCA,LMCK,LRCX,MAR,MAT,MDLZ,META,MNST,MSFT,MU,MYL,NFLX,NLOK,NTAP,NVDA,NXPI,ORLY,PAYX,PCAR,QCOM,QRTEA,REGN,ROST,SBAC,SBUX,SIAL,SIRI,SNDK,SPLS,SRCL,STX,TRIP,TSCO,TSLA,TXN,VIAB,VIP,VOD,VRSK,VRTX,WBA,WDC,WFM,WYNN,XLNX,YHOO"
7/29/2015,"AAL,AAPL,ADBE,ADI,ADP,ADSK,AKAM,ALTR,ALXN,AMAT,AMGN,AMZN,ATVI,AVGO,BBBY,BIDU,BIIB,BKNG,BMRN,CA,CELG,CERN,CHKP,CHRW,CHTR,CMCSA,COST,CSCO,CTSH,CTXS,DISCA,DISCK,DISH,DLTR,EA,EBAY,ESRX,EXPD,FAST,FI,FOX,FOXA,GILD,GMCR,GOOG,GOOGL,GRMN,HSIC,ILMN,INTC,INTU,ISRG,JD,KHC,KLAC,LBTYA,LBTYK,LILA,LILAK,LLTC,LMCA,LMCK,LRCX,MAR,MAT,MDLZ,META,MNST,MSFT,MU,MYL,NFLX,NLOK,NTAP,NVDA,NXPI,ORLY,PAYX,PCAR,QCOM,QRTEA,REGN,ROST,SBAC,SBUX,SIAL,SIRI,SNDK,SPLS,SRCL,STX,TRIP,TSCO,TSLA,TXN,VIAB,VIP,VOD,VRSK,VRTX,WBA,WDC,WFM,WYNN,XLNX,YHOO"
7/31/2015,"AAL,AAPL,ADBE,ADI,ADP,ADSK,AKAM,ALTR,ALXN,AMAT,AMGN,AMZN,ATVI,AVGO,BBBY,BIDU,BIIB,BKNG,BMRN,CA,CELG,CERN,CHKP,CHRW,CHTR,CMCSA,COST,CSCO,CTSH,CTXS,DISCA,DISCK,DISH,DLTR,EA,EBAY,ESRX,EXPD,FAST,FI,FOX,FOXA,GILD,GMCR,GOOG,GOOGL,GRMN,HSIC,ILMN,INTC,INTU,ISRG,JD,KHC,KLAC,LBTYA,LBTYK,LILA,LILAK,LLTC,LMCA,LMCK,LRCX,MAR,MAT,MDLZ,META,MNST,MSFT,MU,MYL,NFLX,NLOK,NTAP,NVDA,NXPI,ORLY,PAYX,PCAR,QCOM,QRTEA,REGN,ROST,SBAC,SBUX,SIRI,SNDK,SPLS,SRCL,STX,TRIP,TSCO,TSLA,TXN,VIAB,VIP,VOD,VRSK,VRTX,WBA,WDC,WFM,WYNN,XLNX,YHOO"
8/3/2015,"AAL,AAPL,ADBE,ADI,ADP,ADSK,AKAM,ALTR,ALXN,AMAT,AMGN,AMZN,ATVI,AVGO,BBBY,BIDU,BIIB,BKNG,BMRN,CA,CELG,CERN,CHKP,CHRW,CHTR,CMCSA,COST,CSCO,CTSH,CTXS,DISCA,DISCK,DISH,DLTR,EA,EBAY,ESRX,EXPD,FAST,FI,FOX,FOXA,GILD,GMCR,GOOG,GOOGL,GRMN,HSIC,ILMN,INTC,INTU,ISRG,JD,KHC,KLAC,LBTYA,LBTYK,LILA,LILAK,LLTC,LMCA,LMCK,LRCX,MAR,MAT,MDLZ,META,MNST,MSFT,MU,MYL,NFLX,NLOK,NTAP,NVDA,NXPI,ORLY,PAYX,PCAR,QCOM,QRTEA,REGN,ROST,SBAC,SBUX,SIRI,SNDK,SPLS,SRCL,STX,SWKS,TRIP,TSCO,TSLA,TXN,VIAB,VIP,VOD,VRSK,VRTX,WBA,WDC,WFM,WYNN,XLNX,YHOO"
10/7/2015,"AAL,AAPL,ADBE,ADI,ADP,ADSK,AKAM,ALXN,AMAT,AMGN,AMZN,ATVI,AVGO,BBBY,BIDU,BIIB,BKNG,BMRN,CA,CELG,CERN,CHKP,CHRW,CHTR,CMCSA,COST,CSCO,CTSH,CTXS,DISCA,DISCK,DISH,DLTR,EA,EBAY,ESRX,EXPD,FAST,FI,FOX,FOXA,GILD,GMCR,GOOG,GOOGL,GRMN,HSIC,ILMN,INCY,INTC,INTU,ISRG,JD,KHC,KLAC,LBTYA,LBTYK,LILA,LILAK,LLTC,LMCA,LMCK,LRCX,MAR,MAT,MDLZ,META,MNST,MSFT,MU,MYL,NFLX,NLOK,NTAP,NVDA,NXPI,ORLY,PAYX,PCAR,QCOM,QRTEA,REGN,ROST,SBAC,SBUX,SIRI,SNDK,SPLS,SRCL,STX,SWKS,TRIP,TSCO,TSLA,TXN,VIAB,VIP,VOD,VRSK,VRTX,WBA,WDC,WFM,WYNN,XLNX,YHOO"
11/11/2015,"AAL,AAPL,ADBE,ADI,ADP,ADSK,AKAM,ALXN,AMAT,AMGN,AMZN,ATVI,BBBY,BIDU,BIIB,BKNG,BMRN,CA,CELG,CERN,CHKP,CHRW,CHTR,CMCSA,COST,CSCO,CTSH,CTXS,DISCA,DISCK,DISH,DLTR,EA,EBAY,ESRX,EXPD,FAST,FI,FOX,FOXA,GILD,GMCR,GOOG,GOOGL,GRMN,HSIC,ILMN,INCY,INTC,INTU,ISRG,JD,KHC,KLAC,LBTYA,LBTYK,LILA,LILAK,LLTC,LMCA,LMCK,LRCX,MAR,MAT,MDLZ,META,MNST,MSFT,MU,MYL,NFLX,NLOK,NTAP,NVDA,NXPI,ORLY,PAYX,PCAR,PYPL,QCOM,QRTEA,REGN,ROST,SBAC,SBUX,SIRI,SNDK,SPLS,SRCL,STX,SWKS,TRIP,TSCO,TSLA,TXN,VIAB,VIP,VOD,VRSK,VRTX,WBA,WDC,WFM,WYNN,XLNX,YHOO"
12/21/2015,"AAL,AAPL,ADBE,ADI,ADP,ADSK,AKAM,ALXN,AMAT,AMGN,AMZN,ATVI,BBBY,BIDU,BIIB,BKNG,BMRN,CA,CELG,CERN,CHKP,CHTR,CMCSA,COST,CSCO,CTSH,CTXS,DISCA,DISCK,DISH,DLTR,EA,EBAY,ENDP,ESRX,EXPE,FAST,FI,FOX,FOXA,GILD,GOOG,GOOGL,HSIC,ILMN,INCY,INTC,INTU,ISRG,JD,KHC,KLAC,LBTYA,LBTYK,LLTC,LMCA,LMCK,LRCX,MAR,MAT,MDLZ,META,MNST,MSFT,MU,MXIM,MYL,NCLH,NFLX,NLOK,NTAP,NVDA,NXPI,ORLY,PAYX,PCAR,PYPL,QCOM,QRTEA,REGN,ROST,SBAC,SBUX,SIRI,SNDK,SRCL,STX,SWKS,TCOM,TMUS,TRIP,TSCO,TSLA,TXN,ULTA,VIAB,VOD,VRSK,VRTX,WBA,WDC,WFM,XLNX,YHOO"
2/1/2016,"AAL,AAPL,ADBE,ADI,ADP,ADSK,AKAM,ALXN,AMAT,AMGN,AMZN,ATVI,AVGO,BBBY,BIDU,BIIB,BKNG,BMRN,CA,CELG,CERN,CHKP,CHTR,CMCSA,COST,CSCO,CTSH,CTXS,DISCA,DISCK,DISH,DLTR,EA,EBAY,ENDP,ESRX,EXPE,FAST,FI,FOX,FOXA,GILD,GOOG,GOOGL,HSIC,ILMN,INCY,INTC,INTU,ISRG,JD,KHC,KLAC,LBTYA,LBTYK,LLTC,LMCA,LMCK,LRCX,MAR,MAT,MDLZ,META,MNST,MSFT,MU,MXIM,MYL,NCLH,NFLX,NLOK,NTAP,NVDA,NXPI,ORLY,PAYX,PCAR,PYPL,QCOM,QRTEA,REGN,ROST,SBAC,SBUX,SIRI,SNDK,SRCL,STX,SWKS,TCOM,TMUS,TRIP,TSCO,TSLA,TXN,ULTA,VIAB,VOD,VRSK,VRTX,WBA,WDC,WFM,XLNX,YHOO"
2/16/2016,"AAL,AAPL,ADBE,ADI,ADP,ADSK,AKAM,ALXN,AMAT,AMGN,AMZN,ATVI,AVGO,BBBY,BIDU,BIIB,BKNG,BMRN,CA,CELG,CERN,CHKP,CHTR,CMCSA,COST,CSCO,CSX,CTSH,CTXS,DISCA,DISCK,DISH,DLTR,EA,EBAY,ENDP,ESRX,EXPE,FAST,FI,FOX,FOXA,GILD,GOOG,GOOGL,HSIC,ILMN,INCY,INTC,INTU,ISRG,JD,KHC,LBTYA,LBTYK,LLTC,LMCA,LMCK,LRCX,MAR,MAT,MDLZ,META,MNST,MSFT,MU,MXIM,MYL,NCLH,NFLX,NLOK,NTAP,NVDA,NXPI,ORLY,PAYX,PCAR,PYPL,QCOM,QRTEA,REGN,ROST,SBAC,SBUX,SIRI,SNDK,SRCL,STX,SWKS,TCOM,TMUS,TRIP,TSCO,TSLA,TXN,ULTA,VIAB,VOD,VRSK,VRTX,WBA,WDC,WFM,XLNX,YHOO"
3/16/2016,"AAL,AAPL,ADBE,ADI,ADP,ADSK,AKAM,ALXN,AMAT,AMGN,AMZN,ATVI,AVGO,BBBY,BIDU,BIIB,BKNG,BMRN,CA,CELG,CERN,CHKP,CHTR,CMCSA,COST,CSCO,CSX,CTSH,CTXS,DISCA,DISCK,DISH,DLTR,EA,EBAY,ENDP,ESRX,EXPE,FAST,FI,FOX,FOXA,GILD,GOOG,GOOGL,HSIC,ILMN,INCY,INTC,INTU,ISRG,JD,KHC,LBTYA,LBTYK,LLTC,LMCA,LMCK,LRCX,MAR,MAT,MDLZ,META,MNST,MSFT,MU,MXIM,MYL,NCLH,NFLX,NLOK,NTAP,NTES,NVDA,NXPI,ORLY,PAYX,PCAR,PYPL,QCOM,QRTEA,REGN,ROST,SBAC,SBUX,SIRI,SRCL,STX,SWKS,TCOM,TMUS,TRIP,TSCO,TSLA,TXN,ULTA,VIAB,VOD,VRSK,VRTX,WBA,WDC,WFM,XLNX,YHOO"
4/18/2016,"AAL,AAPL,ADBE,ADI,ADP,ADSK,AKAM,ALXN,AMAT,AMGN,AMZN,ATVI,AVGO,BATRA,BATRK,BBBY,BIDU,BIIB,BKNG,BMRN,CA,CELG,CERN,CHKP,CHTR,CMCSA,COST,CSCO,CSX,CTSH,CTXS,DISCA,DISCK,DISH,DLTR,EA,EBAY,ENDP,ESRX,EXPE,FAST,FI,FOX,FOXA,GILD,GOOG,GOOGL,HSIC,ILMN,INCY,INTC,INTU,ISRG,JD,KHC,LBTYA,LBTYK,LLTC,LMCA,LMCK,LRCX,MAR,MAT,MDLZ,META,MNST,MSFT,MU,MXIM,MYL,NCLH,NFLX,NLOK,NTAP,NTES,NVDA,NXPI,ORLY,PAYX,PCAR,PYPL,QCOM,QRTEA,REGN,ROST,SBAC,SBUX,SIRI,SRCL,STX,SWKS,TCOM,TMUS,TRIP,TSCO,TSLA,TXN,ULTA,VIAB,VOD,VRSK,VRTX,WBA,WDC,WFM,XLNX,YHOO"
6/20/2016,"AAL,AAPL,ADBE,ADI,ADP,ADSK,AKAM,ALXN,AMAT,AMGN,AMZN,ATVI,AVGO,BBBY,BIDU,BIIB,BKNG,BMRN,CA,CELG,CERN,CHKP,CHTR,CMCSA,COST,CSCO,CSX,CTSH,CTXS,DISCA,DISCK,DISH,DLTR,EA,EBAY,ENDP,ESRX,EXPE,FAST,FI,FOX,FOXA,GILD,GOOG,GOOGL,HSIC,ILMN,INCY,INTC,INTU,ISRG,JD,KHC,LBTYA,LBTYK,LLTC,LRCX,MAR,MAT,MDLZ,META,MNST,MSFT,MU,MXIM,MYL,NCLH,NFLX,NLOK,NTAP,NTES,NVDA,NXPI,ORLY,PAYX,PCAR,PYPL,QCOM,QRTEA,REGN,ROST,SBAC,SBUX,SIRI,SRCL,STX,SWKS,TCOM,TMUS,TRIP,TSCO,TSLA,TXN,ULTA,VIAB,VOD,VRSK,VRTX,WBA,WDC,WFM,XLNX,XRAY,YHOO"
7/18/2016,"AAL,AAPL,ADBE,ADI,ADP,ADSK,AKAM,ALXN,AMAT,AMGN,AMZN,ATVI,AVGO,BBBY,BIDU,BIIB,BKNG,BMRN,CA,CELG,CERN,CHKP,CHTR,CMCSA,COST,CSCO,CSX,CTSH,CTXS,DISCA,DISCK,DISH,DLTR,EA,EBAY,ESRX,EXPE,FAST,FI,FOX,FOXA,GILD,GOOG,GOOGL,HSIC,ILMN,INCY,INTC,INTU,ISRG,JD,KHC,LBTYA,LBTYK,LLTC,LRCX,MAR,MAT,MCHP,MDLZ,META,MNST,MSFT,MU,MXIM,MYL,NCLH,NFLX,NLOK,NTAP,NTES,NVDA,NXPI,ORLY,PAYX,PCAR,PYPL,QCOM,QRTEA,REGN,ROST,SBAC,SBUX,SIRI,SRCL,STX,SWKS,TCOM,TMUS,TRIP,TSCO,TSLA,TXN,ULTA,VIAB,VOD,VRSK,VRTX,WBA,WDC,WFM,XLNX,XRAY,YHOO"
10/19/2016,"AAL,AAPL,ADBE,ADI,ADP,ADSK,AKAM,ALXN,AMAT,AMGN,AMZN,ATVI,AVGO,BBBY,BIDU,BIIB,BKNG,BMRN,CA,CELG,CERN,CHKP,CHTR,CMCSA,COST,CSCO,CSX,CTSH,CTXS,DISCA,DISCK,DISH,DLTR,EA,EBAY,ESRX,EXPE,FAST,FI,FOX,FOXA,GILD,GOOG,GOOGL,HSIC,ILMN,INCY,INTC,INTU,ISRG,JD,KHC,LBTYA,LBTYK,LRCX,MAR,MAT,MCHP,MDLZ,META,MNST,MSFT,MU,MXIM,MYL,NCLH,NFLX,NLOK,NTAP,NTES,NVDA,NXPI,ORLY,PAYX,PCAR,PYPL,QCOM,QRTEA,REGN,ROST,SBAC,SBUX,SHPG,SIRI,SRCL,STX,SWKS,TCOM,TMUS,TRIP,TSCO,TSLA,TXN,ULTA,VIAB,VOD,VRSK,VRTX,WBA,WDC,WFM,XLNX,XRAY,YHOO"
12/19/2016,"AAL,AAPL,ADBE,ADI,ADP,ADSK,AKAM,ALXN,AMAT,AMGN,AMZN,ATVI,AVGO,BIDU,BIIB,BKNG,BMRN,CA,CELG,CERN,CHKP,CHTR,CMCSA,COST,CSCO,CSX,CTAS,CTSH,CTXS,DISCA,DISCK,DISH,DLTR,EA,EBAY,ESRX,EXPE,FAST,FI,FOX,FOXA,GILD,GOOG,GOOGL,HAS,HOLX,HSIC,ILMN,INCY,INTC,INTU,ISRG,JD,KHC,KLAC,LBTYA,LBTYK,LRCX,MAR,MAT,MCHP,MDLZ,META,MNST,MSFT,MU,MXIM,MYL,NCLH,NFLX,NLOK,NTES,NVDA,NXPI,ORLY,PAYX,PCAR,PYPL,QCOM,QRTEA,REGN,ROST,SBAC,SBUX,SHPG,SIRI,STX,SWKS,TCOM,TMUS,TRIP,TSCO,TSLA,TXN,ULTA,VIAB,VOD,VRSK,VRTX,WBA,WDC,XLNX,XRAY,YHOO"
2/7/2017,"AAL,AAPL,ADBE,ADI,ADP,ADSK,AKAM,ALXN,AMAT,AMGN,AMZN,ATVI,AVGO,BIDU,BIIB,BKNG,BMRN,CA,CELG,CERN,CHKP,CHTR,CMCSA,COST,CSCO,CSX,CTAS,CTSH,CTXS,DISCA,DISCK,DISH,DLTR,EA,EBAY,ESRX,EXPE,FAST,FI,FOX,FOXA,GILD,GOOG,GOOGL,HAS,HOLX,HSIC,ILMN,INCY,INTC,INTU,ISRG,JBHT,JD,KHC,KLAC,LBTYA,LBTYK,LRCX,MAR,MAT,MCHP,MDLZ,META,MNST,MSFT,MU,MXIM,MYL,NCLH,NFLX,NLOK,NTES,NVDA,ORLY,PAYX,PCAR,PYPL,QCOM,QRTEA,REGN,ROST,SBAC,SBUX,SHPG,SIRI,STX,SWKS,TCOM,TMUS,TRIP,TSCO,TSLA,TXN,ULTA,VIAB,VOD,VRSK,VRTX,WBA,WDC,XLNX,XRAY,YHOO"
3/20/2017,"AAL,AAPL,ADBE,ADI,ADP,ADSK,AKAM,ALXN,AMAT,AMGN,AMZN,ATVI,AVGO,BIDU,BIIB,BKNG,BMRN,CA,CELG,CERN,CHKP,CHTR,CMCSA,COST,CSCO,CSX,CTAS,CTSH,CTXS,DISCA,DISCK,DISH,DLTR,EA,EBAY,ESRX,EXPE,FAST,FI,FOX,FOXA,GILD,GOOG,GOOGL,HAS,HOLX,HSIC,IDXX,ILMN,INCY,INTC,INTU,ISRG,JBHT,JD,KHC,KLAC,LBTYA,LBTYK,LRCX,MAR,MAT,MCHP,MDLZ,META,MNST,MSFT,MU,MXIM,MYL,NCLH,NFLX,NLOK,NTES,NVDA,ORLY,PAYX,PCAR,PYPL,QCOM,QRTEA,REGN,ROST,SBUX,SHPG,SIRI,STX,SWKS,TCOM,TMUS,TRIP,TSCO,TSLA,TXN,ULTA,VIAB,VOD,VRSK,VRTX,WBA,WDC,XLNX,XRAY,YHOO"
4/24/2017,"AAL,AAPL,ADBE,ADI,ADP,ADSK,AKAM,ALXN,AMAT,AMGN,AMZN,ATVI,AVGO,BIDU,BIIB,BKNG,BMRN,CA,CELG,CERN,CHKP,CHTR,CMCSA,COST,CSCO,CSX,CTAS,CTSH,CTXS,DISCA,DISCK,DISH,DLTR,EA,EBAY,ESRX,EXPE,FAST,FI,FOX,FOXA,GILD,GOOG,GOOGL,HAS,HOLX,HSIC,IDXX,ILMN,INCY,INTC,INTU,ISRG,JBHT,JD,KHC,KLAC,LBTYA,LBTYK,LRCX,MAR,MAT,MCHP,MDLZ,META,MNST,MSFT,MU,MXIM,MYL,NCLH,NFLX,NLOK,NTES,NVDA,ORLY,PAYX,PCAR,PYPL,QCOM,QRTEA,REGN,ROST,SBUX,SHPG,SIRI,STX,SWKS,TCOM,TMUS,TSCO,TSLA,TXN,ULTA,VIAB,VOD,VRSK,VRTX,WBA,WDC,WYNN,XLNX,XRAY,YHOO"
6/19/2017,"AAL,AAPL,ADBE,ADI,ADP,ADSK,AKAM,ALXN,AMAT,AMGN,AMZN,ATVI,AVGO,BIDU,BIIB,BKNG,BMRN,CA,CELG,CERN,CHKP,CHTR,CMCSA,COST,CSCO,CSX,CTAS,CTSH,CTXS,DISCA,DISCK,DISH,DLTR,EA,EBAY,ESRX,EXPE,FAST,FI,FOX,FOXA,GILD,GOOG,GOOGL,HAS,HOLX,HSIC,IDXX,ILMN,INCY,INTC,INTU,ISRG,JBHT,JD,KHC,KLAC,LBTYA,LBTYK,LRCX,MAR,MAT,MCHP,MDLZ,MELI,META,MNST,MSFT,MU,MXIM,MYL,NCLH,NFLX,NLOK,NTES,NVDA,ORLY,PAYX,PCAR,PYPL,QCOM,QRTEA,REGN,ROST,SBUX,SHPG,SIRI,STX,SWKS,TCOM,TMUS,TSCO,TSLA,TXN,ULTA,VIAB,VOD,VRSK,VRTX,WBA,WDC,WYNN,XLNX,XRAY"
10/23/2017,"AAL,AAPL,ADBE,ADI,ADP,ADSK,AKAM,ALGN,ALXN,AMAT,AMGN,AMZN,ATVI,AVGO,BIDU,BIIB,BKNG,BMRN,CA,CELG,CERN,CHKP,CHTR,CMCSA,COST,CSCO,CSX,CTAS,CTSH,CTXS,DISCA,DISCK,DISH,DLTR,EA,EBAY,ESRX,EXPE,FAST,FI,FOX,FOXA,GILD,GOOG,GOOGL,HAS,HOLX,HSIC,IDXX,ILMN,INCY,INTC,INTU,ISRG,JBHT,JD,KHC,KLAC,LBTYA,LBTYK,LRCX,MAR,MCHP,MDLZ,MELI,META,MNST,MSFT,MU,MXIM,MYL,NCLH,NFLX,NLOK,NTES,NVDA,ORLY,PAYX,PCAR,PYPL,QCOM,QRTEA,REGN,ROST,SBUX,SHPG,SIRI,STX,SWKS,TCOM,TMUS,TSCO,TSLA,TXN,ULTA,VIAB,VOD,VRSK,VRTX,WBA,WDC,WYNN,XLNX,XRAY"
12/18/2017,"AAL,AAPL,ADBE,ADI,ADP,ADSK,ALGN,ALXN,AMAT,AMGN,AMZN,ASML,ATVI,AVGO,BIDU,BIIB,BKNG,BMRN,CA,CDNS,CELG,CERN,CHKP,CHTR,CMCSA,COST,CSCO,CSX,CTAS,CTSH,CTXS,DISH,DLTR,EA,EBAY,ESRX,EXPE,FAST,FI,FOX,FOXA,GILD,GOOG,GOOGL,HAS,HOLX,HSIC,IDXX,ILMN,INCY,INTC,INTU,ISRG,JBHT,JD,KHC,KLAC,LBTYA,LBTYK,LRCX,MAR,MCHP,MDLZ,MELI,META,MNST,MSFT,MU,MXIM,MYL,NFLX,NLOK,NTES,NVDA,ORLY,PAYX,PCAR,PYPL,QCOM,QRTEA,REGN,ROST,SBUX,SHPG,SIRI,SNPS,STX,SWKS,TCOM,TMUS,TSLA,TTWO,TXN,ULTA,VOD,VRSK,VRTX,WBA,WDAY,WDC,WYNN,XLNX,XRAY"
7/23/2018,"AAL,AAPL,ADBE,ADI,ADP,ADSK,ALGN,ALXN,AMAT,AMGN,AMZN,ASML,ATVI,AVGO,BIDU,BIIB,BKNG,BMRN,CA,CDNS,CELG,CERN,CHKP,CHTR,CMCSA,COST,CSCO,CSX,CTAS,CTSH,CTXS,DLTR,EA,EBAY,ESRX,EXPE,FAST,FI,FOX,FOXA,GILD,GOOG,GOOGL,HAS,HOLX,HSIC,IDXX,ILMN,INCY,INTC,INTU,ISRG,JBHT,JD,KHC,KLAC,LBTYA,LBTYK,LRCX,MAR,MCHP,MDLZ,MELI,META,MNST,MSFT,MU,MXIM,MYL,NFLX,NLOK,NTES,NVDA,ORLY,PAYX,PCAR,PEP,PYPL,QCOM,QRTEA,REGN,ROST,SBUX,SHPG,SIRI,SNPS,STX,SWKS,TCOM,TMUS,TSLA,TTWO,TXN,ULTA,VOD,VRSK,VRTX,WBA,WDAY,WDC,WYNN,XLNX,XRAY"
11/5/2018,"AAL,AAPL,ADBE,ADI,ADP,ADSK,ALGN,ALXN,AMAT,AMGN,AMZN,ASML,ATVI,AVGO,BIDU,BIIB,BKNG,BMRN,CDNS,CELG,CERN,CHKP,CHTR,CMCSA,COST,CSCO,CSX,CTAS,CTSH,CTXS,DLTR,EA,EBAY,ESRX,EXPE,FAST,FI,FOX,FOXA,GILD,GOOG,GOOGL,HAS,HOLX,HSIC,IDXX,ILMN,INCY,INTC,INTU,ISRG,JBHT,JD,KHC,KLAC,LBTYA,LBTYK,LRCX,MAR,MCHP,MDLZ,MELI,META,MNST,MSFT,MU,MXIM,MYL,NFLX,NLOK,NTES,NVDA,NXPI,ORLY,PAYX,PCAR,PEP,PYPL,QCOM,QRTEA,REGN,ROST,SBUX,SHPG,SIRI,SNPS,STX,SWKS,TCOM,TMUS,TSLA,TTWO,TXN,ULTA,VOD,VRSK,VRTX,WBA,WDAY,WDC,WYNN,XLNX,XRAY"
11/19/2018,"AAL,AAPL,ADBE,ADI,ADP,ADSK,ALGN,ALXN,AMAT,AMGN,AMZN,ASML,ATVI,AVGO,BIDU,BIIB,BKNG,BMRN,CDNS,CELG,CERN,CHKP,CHTR,CMCSA,COST,CSCO,CSX,CTAS,CTSH,CTXS,DLTR,EA,EBAY,ESRX,EXPE,FAST,FI,FOX,FOXA,GILD,GOOG,GOOGL,HAS,HOLX,HSIC,IDXX,ILMN,INCY,INTC,INTU,ISRG,JBHT,JD,KHC,KLAC,LBTYA,LBTYK,LRCX,MAR,MCHP,MDLZ,MELI,META,MNST,MSFT,MU,MXIM,MYL,NFLX,NLOK,NTES,NVDA,NXPI,ORLY,PAYX,PCAR,PEP,PYPL,QCOM,QRTEA,REGN,ROST,SBUX,SHPG,SIRI,SNPS,STX,SWKS,TCOM,TMUS,TSLA,TTWO,TXN,ULTA,VOD,VRSK,VRTX,WBA,WDAY,WDC,WYNN,XEL,XLNX"
12/24/2018,"AAL,AAPL,ADBE,ADI,ADP,ADSK,ALGN,ALXN,AMAT,AMD,AMGN,AMZN,ASML,ATVI,AVGO,BIDU,BIIB,BKNG,BMRN,CDNS,CELG,CERN,CHKP,CHTR,CMCSA,COST,CSCO,CSX,CTAS,CTSH,CTXS,DLTR,EA,EBAY,EXPE,FAST,FI,FOX,FOXA,GILD,GOOG,GOOGL,HAS,HSIC,IDXX,ILMN,INCY,INTC,INTU,ISRG,JBHT,JD,KHC,KLAC,LBTYA,LBTYK,LRCX,LULU,MAR,MCHP,MDLZ,MELI,META,MNST,MSFT,MU,MXIM,MYL,NFLX,NLOK,NTAP,NTES,NVDA,NXPI,ORLY,PAYX,PCAR,PEP,PYPL,QCOM,REGN,ROST,SBUX,SIRI,SNPS,SWKS,TCOM,TMUS,TSLA,TTWO,TXN,UAL,ULTA,VRSK,VRSN,VRTX,WBA,WDAY,WDC,WTW,WYNN,XEL,XLNX"
11/21/2019,"AAL,AAPL,ADBE,ADI,ADP,ADSK,ALGN,ALXN,AMAT,AMD,AMGN,AMZN,ASML,ATVI,AVGO,BIDU,BIIB,BKNG,BMRN,CDNS,CERN,CHKP,CHTR,CMCSA,COST,CSCO,CSX,CTAS,CTSH,CTXS,DLTR,EA,EBAY,EXC,EXPE,FAST,FI,FOX,FOXA,GILD,GOOG,GOOGL,HAS,HSIC,IDXX,ILMN,INCY,INTC,INTU,ISRG,JBHT,JD,KHC,KLAC,LBTYA,LBTYK,LRCX,LULU,MAR,MCHP,MDLZ,MELI,META,MNST,MSFT,MU,MXIM,MYL,NFLX,NLOK,NTAP,NTES,NVDA,NXPI,ORLY,PAYX,PCAR,PEP,PYPL,QCOM,REGN,ROST,SBUX,SIRI,SNPS,SWKS,TCOM,TMUS,TSLA,TTWO,TXN,UAL,ULTA,VRSK,VRSN,VRTX,WBA,WDAY,WDC,WTW,WYNN,XEL,XLNX"
12/23/2019,"AAL,AAPL,ADBE,ADI,ADP,ADSK,ALGN,ALXN,AMAT,AMD,AMGN,AMZN,ANSS,ASML,ATVI,AVGO,BIDU,BIIB,BKNG,BMRN,CDNS,CDW,CERN,CHKP,CHTR,CMCSA,COST,CPRT,CSCO,CSGP,CSX,CTAS,CTSH,CTXS,DLTR,EA,EBAY,EXC,EXPE,FAST,FI,FOX,FOXA,GILD,GOOG,GOOGL,IDXX,ILMN,INCY,INTC,INTU,ISRG,JD,KHC,KLAC,LBTYA,LBTYK,LRCX,LULU,MAR,MCHP,MDLZ,MELI,META,MNST,MSFT,MU,MXIM,NFLX,NTAP,NTES,NVDA,NXPI,ORLY,PAYX,PCAR,PEP,PYPL,QCOM,REGN,ROST,SBUX,SGEN,SIRI,SNPS,SPLK,SWKS,TCOM,TMUS,TSLA,TTWO,TXN,UAL,ULTA,VRSK,VRSN,VRTX,WBA,WDAY,WDC,WTW,XEL,XLNX"
4/20/2020,"AAPL,ADBE,ADI,ADP,ADSK,ALGN,ALXN,AMAT,AMD,AMGN,AMZN,ANSS,ASML,ATVI,AVGO,BIDU,BIIB,BKNG,BMRN,CDNS,CDW,CERN,CHKP,CHTR,CMCSA,COST,CPRT,CSCO,CSGP,CSX,CTAS,CTSH,CTXS,DLTR,DXCM,EA,EBAY,EXC,EXPE,FAST,FI,FOX,FOXA,GILD,GOOG,GOOGL,IDXX,ILMN,INCY,INTC,INTU,ISRG,JD,KHC,KLAC,LBTYA,LBTYK,LRCX,LULU,MAR,MCHP,MDLZ,MELI,META,MNST,MSFT,MU,MXIM,NFLX,NTAP,NTES,NVDA,NXPI,ORLY,PAYX,PCAR,PEP,PYPL,QCOM,REGN,ROST,SBUX,SGEN,SIRI,SNPS,SPLK,SWKS,TCOM,TMUS,TSLA,TTWO,TXN,UAL,ULTA,VRSK,VRSN,VRTX,WBA,WDAY,WDC,WTW,XEL,XLNX"
4/30/2020,"AAPL,ADBE,ADI,ADP,ADSK,ALGN,ALXN,AMAT,AMD,AMGN,AMZN,ANSS,ASML,ATVI,AVGO,BIDU,BIIB,BKNG,BMRN,CDNS,CDW,CERN,CHKP,CHTR,CMCSA,COST,CPRT,CSCO,CSGP,CSX,CTAS,CTSH,CTXS,DLTR,DXCM,EA,EBAY,EXC,EXPE,FAST,FI,FOX,FOXA,GILD,GOOG,GOOGL,IDXX,ILMN,INCY,INTC,INTU,ISRG,JD,KHC,KLAC,LBTYA,LBTYK,LRCX,LULU,MAR,MCHP,MDLZ,MELI,META,MNST,MSFT,MU,MXIM,NFLX,NTAP,NTES,NVDA,NXPI,ORLY,PAYX,PCAR,PEP,PYPL,QCOM,REGN,ROST,SBUX,SGEN,SIRI,SNPS,SPLK,SWKS,TCOM,TMUS,TSLA,TTWO,TXN,UAL,ULTA,VRSK,VRSN,VRTX,WBA,WDAY,WDC,XEL,XLNX,ZM"
6/22/2020,"AAPL,ADBE,ADI,ADP,ADSK,ALGN,ALXN,AMAT,AMD,AMGN,AMZN,ANSS,ASML,ATVI,AVGO,BIDU,BIIB,BKNG,BMRN,CDNS,CDW,CERN,CHKP,CHTR,CMCSA,COST,CPRT,CSCO,CSGP,CSX,CTAS,CTSH,CTXS,DLTR,DOCU,DXCM,EA,EBAY,EXC,EXPE,FAST,FI,FOX,FOXA,GILD,GOOG,GOOGL,IDXX,ILMN,INCY,INTC,INTU,ISRG,JD,KHC,KLAC,LBTYA,LBTYK,LRCX,LULU,MAR,MCHP,MDLZ,MELI,META,MNST,MSFT,MU,MXIM,NFLX,NTAP,NTES,NVDA,NXPI,ORLY,PAYX,PCAR,PEP,PYPL,QCOM,REGN,ROST,SBUX,SGEN,SIRI,SNPS,SPLK,SWKS,TCOM,TMUS,TSLA,TTWO,TXN,ULTA,VRSK,VRSN,VRTX,WBA,WDAY,WDC,XEL,XLNX,ZM"
7/20/2020,"AAPL,ADBE,ADI,ADP,ADSK,ALGN,ALXN,AMAT,AMD,AMGN,AMZN,ANSS,ASML,ATVI,AVGO,BIDU,BIIB,BKNG,BMRN,CDNS,CDW,CERN,CHKP,CHTR,CMCSA,COST,CPRT,CSCO,CSX,CTAS,CTSH,CTXS,DLTR,DOCU,DXCM,EA,EBAY,EXC,EXPE,FAST,FI,FOX,FOXA,GILD,GOOG,GOOGL,IDXX,ILMN,INCY,INTC,INTU,ISRG,JD,KHC,KLAC,LBTYA,LBTYK,LRCX,LULU,MAR,MCHP,MDLZ,MELI,META,MNST,MRNA,MSFT,MU,MXIM,NFLX,NTAP,NTES,NVDA,NXPI,ORLY,PAYX,PCAR,PEP,PYPL,QCOM,REGN,ROST,SBUX,SGEN,SIRI,SNPS,SPLK,SWKS,TCOM,TMUS,TSLA,TTWO,TXN,ULTA,VRSK,VRSN,VRTX,WBA,WDAY,WDC,XEL,XLNX,ZM"
8/24/2020,"AAPL,ADBE,ADI,ADP,ADSK,ALGN,ALXN,AMAT,AMD,AMGN,AMZN,ANSS,ASML,ATVI,AVGO,BIDU,BIIB,BKNG,BMRN,CDNS,CDW,CERN,CHKP,CHTR,CMCSA,COST,CPRT,CSCO,CSX,CTAS,CTSH,CTXS,DLTR,DOCU,DXCM,EA,EBAY,EXC,EXPE,FAST,FI,FOX,FOXA,GILD,GOOG,GOOGL,IDXX,ILMN,INCY,INTC,INTU,ISRG,JD,KHC,KLAC,LBTYA,LBTYK,LRCX,LULU,MAR,MCHP,MDLZ,MELI,META,MNST,MRNA,MSFT,MU,MXIM,NFLX,NTES,NVDA,NXPI,ORLY,PAYX,PCAR,PDD,PEP,PYPL,QCOM,REGN,ROST,SBUX,SGEN,SIRI,SNPS,SPLK,SWKS,TCOM,TMUS,TSLA,TTWO,TXN,ULTA,VRSK,VRSN,VRTX,WBA,WDAY,WDC,XEL,XLNX,ZM"
10/19/2020,"AAPL,ADBE,ADI,ADP,ADSK,ALGN,ALXN,AMAT,AMD,AMGN,AMZN,ANSS,ASML,ATVI,AVGO,BIDU,BIIB,BKNG,BMRN,CDNS,CDW,CERN,CHKP,CHTR,CMCSA,COST,CPRT,CSCO,CSX,CTAS,CTSH,CTXS,DLTR,DOCU,DXCM,EA,EBAY,EXC,EXPE,FAST,FI,FOX,FOXA,GILD,GOOG,GOOGL,IDXX,ILMN,INCY,INTC,INTU,ISRG,JD,KDP,KHC,KLAC,LBTYA,LBTYK,LRCX,LULU,MAR,MCHP,MDLZ,MELI,META,MNST,MRNA,MSFT,MU,MXIM,NFLX,NTES,NVDA,NXPI,ORLY,PAYX,PCAR,PDD,PEP,PYPL,QCOM,REGN,ROST,SBUX,SGEN,SIRI,SNPS,SPLK,SWKS,TCOM,TMUS,TSLA,TTWO,TXN,ULTA,VRSK,VRSN,VRTX,WBA,WDAY,XEL,XLNX,ZM"
12/21/2020,"AAPL,ADBE,ADI,ADP,ADSK,AEP,ALGN,ALXN,AMAT,AMD,AMGN,AMZN,ANSS,ASML,ATVI,AVGO,BIDU,BIIB,BKNG,CDNS,CDW,CERN,CHKP,CHTR,CMCSA,COST,CPRT,CSCO,CSX,CTAS,CTSH,DLTR,DOCU,DXCM,EA,EBAY,EXC,FAST,FI,FOX,FOXA,GILD,GOOG,GOOGL,IDXX,ILMN,INCY,INTC,INTU,ISRG,JD,KDP,KHC,KLAC,LRCX,LULU,MAR,MCHP,MDLZ,MELI,META,MNST,MRNA,MRVL,MSFT,MTCH,MU,MXIM,NFLX,NTES,NVDA,NXPI,OKTA,ORLY,PAYX,PCAR,PDD,PEP,PTON,PYPL,QCOM,REGN,ROST,SBUX,SGEN,SIRI,SNPS,SPLK,SWKS,TCOM,TEAM,TMUS,TSLA,TXN,VRSK,VRSN,VRTX,WBA,WDAY,XEL,XLNX,ZM"
7/21/2021,"AAPL,ADBE,ADI,ADP,ADSK,AEP,ALGN,AMAT,AMD,AMGN,AMZN,ANSS,ASML,ATVI,AVGO,BIDU,BIIB,BKNG,CDNS,CDW,CERN,CHKP,CHTR,CMCSA,COST,CPRT,CSCO,CSX,CTAS,CTSH,DLTR,DOCU,DXCM,EA,EBAY,EXC,FAST,FI,FOX,FOXA,GILD,GOOG,GOOGL,HON,IDXX,ILMN,INCY,INTC,INTU,ISRG,JD,KDP,KHC,KLAC,LRCX,LULU,MAR,MCHP,MDLZ,MELI,META,MNST,MRNA,MRVL,MSFT,MTCH,MU,MXIM,NFLX,NTES,NVDA,NXPI,OKTA,ORLY,PAYX,PCAR,PDD,PEP,PTON,PYPL,QCOM,REGN,ROST,SBUX,SGEN,SIRI,SNPS,SPLK,SWKS,TCOM,TEAM,TMUS,TSLA,TXN,VRSK,VRSN,VRTX,WBA,WDAY,XEL,XLNX,ZM"
8/26/2021,"AAPL,ADBE,ADI,ADP,ADSK,AEP,ALGN,AMAT,AMD,AMGN,AMZN,ANSS,ASML,ATVI,AVGO,BIDU,BIIB,BKNG,CDNS,CDW,CERN,CHKP,CHTR,CMCSA,COST,CPRT,CRWD,CSCO,CSX,CTAS,CTSH,DLTR,DOCU,DXCM,EA,EBAY,EXC,FAST,FI,FOX,FOXA,GILD,GOOG,GOOGL,HON,IDXX,ILMN,INCY,INTC,INTU,ISRG,JD,KDP,KHC,KLAC,LRCX,LULU,MAR,MCHP,MDLZ,MELI,META,MNST,MRNA,MRVL,MSFT,MTCH,MU,NFLX,NTES,NVDA,NXPI,OKTA,ORLY,PAYX,PCAR,PDD,PEP,PTON,PYPL,QCOM,REGN,ROST,SBUX,SGEN,SIRI,SNPS,SPLK,SWKS,TCOM,TEAM,TMUS,TSLA,TXN,VRSK,VRSN,VRTX,WBA,WDAY,XEL,XLNX,ZM"
12/20/2021,"AAPL,ABNB,ADBE,ADI,ADP,ADSK,AEP,ALGN,AMAT,AMD,AMGN,AMZN,ANSS,ASML,ATVI,AVGO,BIDU,BIIB,BKNG,CDNS,CHTR,CMCSA,COST,CPRT,CRWD,CSCO,CSX,CTAS,CTSH,DDOG,DLTR,DOCU,DXCM,EA,EBAY,EXC,FAST,FI,FTNT,GILD,GOOG,GOOGL,HON,IDXX,ILMN,INTC,INTU,ISRG,JD,KDP,KHC,KLAC,LCID,LRCX,LULU,MAR,MCHP,MDLZ,MELI,META,MNST,MRNA,MRVL,MSFT,MTCH,MU,NFLX,NTES,NVDA,NXPI,OKTA,ORLY,PANW,PAYX,PCAR,PDD,PEP,PTON,PYPL,QCOM,REGN,ROST,SBUX,SGEN,SIRI,SNPS,SPLK,SWKS,TEAM,TMUS,TSLA,TXN,VRSK,VRSN,VRTX,WBA,WDAY,XEL,XLNX,ZM,ZS"
1/24/2022,"AAPL,ABNB,ADBE,ADI,ADP,ADSK,AEP,ALGN,AMAT,AMD,AMGN,AMZN,ANSS,ASML,ATVI,AVGO,BIDU,BIIB,BKNG,CDNS,CHTR,CMCSA,COST,CPRT,CRWD,CSCO,CSX,CTAS,CTSH,DDOG,DLTR,DOCU,DXCM,EA,EBAY,EXC,FAST,FI,FTNT,GILD,GOOG,GOOGL,HON,IDXX,ILMN,INTC,INTU,ISRG,JD,KDP,KHC,KLAC,LCID,LRCX,LULU,MAR,MCHP,MDLZ,MELI,META,MNST,MRNA,MRVL,MSFT,MTCH,MU,NFLX,NTES,NVDA,NXPI,ODFL,OKTA,ORLY,PANW,PAYX,PCAR,PDD,PEP,PYPL,QCOM,REGN,ROST,SBUX,SGEN,SIRI,SNPS,SPLK,SWKS,TEAM,TMUS,TSLA,TXN,VRSK,VRSN,VRTX,WBA,WDAY,XEL,XLNX,ZM,ZS"
2/2/2022,"AAPL,ABNB,ADBE,ADI,ADP,ADSK,AEP,ALGN,AMAT,AMD,AMGN,AMZN,ANSS,ASML,ATVI,AVGO,BIDU,BIIB,BKNG,CDNS,CEG,CHTR,CMCSA,COST,CPRT,CRWD,CSCO,CSX,CTAS,CTSH,DDOG,DLTR,DOCU,DXCM,EA,EBAY,EXC,FAST,FI,FTNT,GILD,GOOG,GOOGL,HON,IDXX,ILMN,INTC,INTU,ISRG,JD,KDP,KHC,KLAC,LCID,LRCX,LULU,MAR,MCHP,MDLZ,MELI,META,MNST,MRNA,MRVL,MSFT,MTCH,MU,NFLX,NTES,NVDA,NXPI,ODFL,OKTA,ORLY,PANW,PAYX,PCAR,PDD,PEP,PYPL,QCOM,REGN,ROST,SBUX,SGEN,SIRI,SNPS,SPLK,SWKS,TEAM,TMUS,TSLA,TXN,VRSK,VRSN,VRTX,WBA,WDAY,XEL,XLNX,ZM,ZS"
2/22/2022,"AAPL,ABNB,ADBE,ADI,ADP,ADSK,AEP,ALGN,AMAT,AMD,AMGN,AMZN,ANSS,ASML,ATVI,AVGO,AZN,BIDU,BIIB,BKNG,CDNS,CEG,CHTR,CMCSA,COST,CPRT,CRWD,CSCO,CSX,CTAS,CTSH,DDOG,DLTR,DOCU,DXCM,EA,EBAY,EXC,FAST,FI,FTNT,GILD,GOOG,GOOGL,HON,IDXX,ILMN,INTC,INTU,ISRG,JD,KDP,KHC,KLAC,LCID,LRCX,LULU,MAR,MCHP,MDLZ,MELI,META,MNST,MRNA,MRVL,MSFT,MTCH,MU,NFLX,NTES,NVDA,NXPI,ODFL,OKTA,ORLY,PANW,PAYX,PCAR,PDD,PEP,PYPL,QCOM,REGN,ROST,SBUX,SGEN,SIRI,SNPS,SPLK,SWKS,TEAM,TMUS,TSLA,TXN,VRSK,VRSN,VRTX,WBA,WDAY,XEL,ZM,ZS"
11/21/2022,"AAPL,ABNB,ADBE,ADI,ADP,ADSK,AEP,ALGN,AMAT,AMD,AMGN,AMZN,ANSS,ASML,ATVI,AVGO,AZN,BIDU,BIIB,BKNG,CDNS,CEG,CHTR,CMCSA,COST,CPRT,CRWD,CSCO,CSX,CTAS,CTSH,DDOG,DLTR,DOCU,DXCM,EA,EBAY,ENPH,EXC,FAST,FI,FTNT,GILD,GOOG,GOOGL,HON,IDXX,ILMN,INTC,INTU,ISRG,JD,KDP,KHC,KLAC,LCID,LRCX,LULU,MAR,MCHP,MDLZ,MELI,META,MNST,MRNA,MRVL,MSFT,MTCH,MU,NFLX,NTES,NVDA,NXPI,ODFL,ORLY,PANW,PAYX,PCAR,PDD,PEP,PYPL,QCOM,REGN,ROST,SBUX,SGEN,SIRI,SNPS,SPLK,SWKS,TEAM,TMUS,TSLA,TXN,VRSK,VRSN,VRTX,WBA,WDAY,XEL,ZM,ZS"
12/19/2022,"AAPL,ABNB,ADBE,ADI,ADP,ADSK,AEP,ALGN,AMAT,AMD,AMGN,AMZN,ANSS,ASML,ATVI,AVGO,AZN,BIIB,BKNG,BKR,CDNS,CEG,CHTR,CMCSA,COST,CPRT,CRWD,CSCO,CSGP,CSX,CTAS,CTSH,DDOG,DLTR,DXCM,EA,EBAY,ENPH,EXC,FANG,FAST,FI,FTNT,GFS,GILD,GOOG,GOOGL,HON,IDXX,ILMN,INTC,INTU,ISRG,JD,KDP,KHC,KLAC,LCID,LRCX,LULU,MAR,MCHP,MDLZ,MELI,META,MNST,MRNA,MRVL,MSFT,MU,NFLX,NVDA,NXPI,ODFL,ORLY,PANW,PAYX,PCAR,PDD,PEP,PYPL,QCOM,REGN,RIVN,ROST,SBUX,SGEN,SIRI,SNPS,TEAM,TMUS,TSLA,TXN,VRSK,VRTX,WBA,WBD,WDAY,XEL,ZM,ZS"
6/7/2023,"AAPL,ABNB,ADBE,ADI,ADP,ADSK,AEP,ALGN,AMAT,AMD,AMGN,AMZN,ANSS,ASML,ATVI,AVGO,AZN,BIIB,BKNG,BKR,CDNS,CEG,CHTR,CMCSA,COST,CPRT,CRWD,CSCO,CSGP,CSX,CTAS,CTSH,DDOG,DLTR,DXCM,EA,EBAY,ENPH,EXC,FANG,FAST,FTNT,GEHC,GFS,GILD,GOOG,GOOGL,HON,IDXX,ILMN,INTC,INTU,ISRG,JD,KDP,KHC,KLAC,LCID,LRCX,LULU,MAR,MCHP,MDLZ,MELI,META,MNST,MRNA,MRVL,MSFT,MU,NFLX,NVDA,NXPI,ODFL,ORLY,PANW,PAYX,PCAR,PDD,PEP,PYPL,QCOM,REGN,RIVN,ROST,SBUX,SGEN,SIRI,SNPS,TEAM,TMUS,TSLA,TXN,VRSK,VRTX,WBA,WBD,WDAY,XEL,ZM,ZS"
6/20/2023,"AAPL,ABNB,ADBE,ADI,ADP,ADSK,AEP,ALGN,AMAT,AMD,AMGN,AMZN,ANSS,ASML,ATVI,AVGO,AZN,BIIB,BKNG,BKR,CDNS,CEG,CHTR,CMCSA,COST,CPRT,CRWD,CSCO,CSGP,CSX,CTAS,CTSH,DDOG,DLTR,DXCM,EA,EBAY,ENPH,EXC,FANG,FAST,FTNT,GEHC,GFS,GILD,GOOG,GOOGL,HON,IDXX,ILMN,INTC,INTU,ISRG,JD,KDP,KHC,KLAC,LCID,LRCX,LULU,MAR,MCHP,MDLZ,MELI,META,MNST,MRNA,MRVL,MSFT,MU,NFLX,NVDA,NXPI,ODFL,ON,ORLY,PANW,PAYX,PCAR,PDD,PEP,PYPL,QCOM,REGN,ROST,SBUX,SGEN,SIRI,SNPS,TEAM,TMUS,TSLA,TXN,VRSK,VRTX,WBA,WBD,WDAY,XEL,ZM,ZS"
7/17/2023,"AAPL,ABNB,ADBE,ADI,ADP,ADSK,AEP,ALGN,AMAT,AMD,AMGN,AMZN,ANSS,ASML,AVGO,AZN,BIIB,BKNG,BKR,CDNS,CEG,CHTR,CMCSA,COST,CPRT,CRWD,CSCO,CSGP,CSX,CTAS,CTSH,DDOG,DLTR,DXCM,EA,EBAY,ENPH,EXC,FANG,FAST,FTNT,GEHC,GFS,GILD,GOOG,GOOGL,HON,IDXX,ILMN,INTC,INTU,ISRG,JD,KDP,KHC,KLAC,LCID,LRCX,LULU,MAR,MCHP,MDLZ,MELI,META,MNST,MRNA,MRVL,MSFT,MU,NFLX,NVDA,NXPI,ODFL,ON,ORLY,PANW,PAYX,PCAR,PDD,PEP,PYPL,QCOM,REGN,ROST,SBUX,SGEN,SIRI,SNPS,TEAM,TMUS,TSLA,TTD,TXN,VRSK,VRTX,WBA,WBD,WDAY,XEL,ZM,ZS"
12/14/2023,"AAPL,ABNB,ADBE,ADI,ADP,ADSK,AEP,ALGN,AMAT,AMD,AMGN,AMZN,ANSS,ASML,AVGO,AZN,BIIB,BKNG,BKR,CDNS,CEG,CHTR,CMCSA,COST,CPRT,CRWD,CSCO,CSGP,CSX,CTAS,CTSH,DDOG,DLTR,DXCM,EA,EBAY,ENPH,EXC,FANG,FAST,FTNT,GEHC,GFS,GILD,GOOG,GOOGL,HON,IDXX,ILMN,INTC,INTU,ISRG,JD,KDP,KHC,KLAC,LCID,LRCX,LULU,MAR,MCHP,MDLZ,MELI,META,MNST,MRNA,MRVL,MSFT,MU,NFLX,NVDA,NXPI,ODFL,ON,ORLY,PANW,PAYX,PCAR,PDD,PEP,PYPL,QCOM,REGN,ROST,SBUX,SIRI,SNPS,TEAM,TMUS,TSLA,TTD,TTWO,TXN,VRSK,VRTX,WBA,WBD,WDAY,XEL,ZM,ZS"
12/18/2023,"AAPL,ABNB,ADBE,ADI,ADP,ADSK,AEP,AMAT,AMD,AMGN,AMZN,ANSS,ASML,AVGO,AZN,BIIB,BKNG,BKR,CCEP,CDNS,CDW,CEG,CHTR,CMCSA,COST,CPRT,CRWD,CSCO,CSGP,CSX,CTAS,CTSH,DASH,DDOG,DLTR,DXCM,EA,EXC,FANG,FAST,FTNT,GEHC,GFS,GILD,GOOG,GOOGL,HON,IDXX,ILMN,INTC,INTU,ISRG,KDP,KHC,KLAC,LRCX,LULU,MAR,MCHP,MDB,MDLZ,MELI,META,MNST,MRNA,MRVL,MSFT,MU,NFLX,NVDA,NXPI,ODFL,ON,ORLY,PANW,PAYX,PCAR,PDD,PEP,PYPL,QCOM,REGN,ROP,ROST,SBUX,SIRI,SNPS,SPLK,TEAM,TMUS,TSLA,TTD,TTWO,TXN,VRSK,VRTX,WBA,WBD,WDAY,XEL,ZS"
3/18/2024,"AAPL,ABNB,ADBE,ADI,ADP,ADSK,AEP,AMAT,AMD,AMGN,AMZN,ANSS,ASML,AVGO,AZN,BIIB,BKNG,BKR,CCEP,CDNS,CDW,CEG,CHTR,CMCSA,COST,CPRT,CRWD,CSCO,CSGP,CSX,CTAS,CTSH,DASH,DDOG,DLTR,DXCM,EA,EXC,FANG,FAST,FTNT,GEHC,GFS,GILD,GOOG,GOOGL,HON,IDXX,ILMN,INTC,INTU,ISRG,KDP,KHC,KLAC,LIN,LRCX,LULU,MAR,MCHP,MDB,MDLZ,MELI,META,MNST,MRNA,MRVL,MSFT,MU,NFLX,NVDA,NXPI,ODFL,ON,ORLY,PANW,PAYX,PCAR,PDD,PEP,PYPL,QCOM,REGN,ROP,ROST,SBUX,SIRI,SNPS,TEAM,TMUS,TSLA,TTD,TTWO,TXN,VRSK,VRTX,WBA,WBD,WDAY,XEL,ZS"
6/24/2024,"AAPL,ABNB,ADBE,ADI,ADP,ADSK,AEP,AMAT,AMD,AMGN,AMZN,ANSS,ARM,ASML,AVGO,AZN,BIIB,BKNG,BKR,CCEP,CDNS,CDW,CEG,CHTR,CMCSA,COST,CPRT,CRWD,CSCO,CSGP,CSX,CTAS,CTSH,DASH,DDOG,DLTR,DXCM,EA,EXC,FANG,FAST,FTNT,GEHC,GFS,GILD,GOOG,GOOGL,HON,IDXX,ILMN,INTC,INTU,ISRG,KDP,KHC,KLAC,LIN,LRCX,LULU,MAR,MCHP,MDB,MDLZ,MELI,META,MNST,MRNA,MRVL,MSFT,MU,NFLX,NVDA,NXPI,ODFL,ON,ORLY,PANW,PAYX,PCAR,PDD,PEP,PYPL,QCOM,REGN,ROP,ROST,SBUX,SNPS,TEAM,TMUS,TSLA,TTD,TTWO,TXN,VRSK,VRTX,WBA,WBD,WDAY,XEL,ZS"
7/22/2024,"AAPL,ABNB,ADBE,ADI,ADP,ADSK,AEP,AMAT,AMD,AMGN,AMZN,ANSS,ARM,ASML,AVGO,AZN,BIIB,BKNG,BKR,CCEP,CDNS,CDW,CEG,CHTR,CMCSA,COST,CPRT,CRWD,CSCO,CSGP,CSX,CTAS,CTSH,DASH,DDOG,DLTR,DXCM,EA,EXC,FANG,FAST,FTNT,GEHC,GFS,GILD,GOOG,GOOGL,HON,IDXX,ILMN,INTC,INTU,ISRG,KDP,KHC,KLAC,LIN,LRCX,LULU,MAR,MCHP,MDB,MDLZ,MELI,META,MNST,MRNA,MRVL,MSFT,MU,NFLX,NVDA,NXPI,ODFL,ON,ORLY,PANW,PAYX,PCAR,PDD,PEP,PYPL,QCOM,REGN,ROP,ROST,SBUX,SMCI,SNPS,TEAM,TMUS,TSLA,TTD,TTWO,TXN,VRSK,VRTX,WBD,WDAY,XEL,ZS"
11/18/2024,"AAPL,ABNB,ADBE,ADI,ADP,ADSK,AEP,AMAT,AMD,AMGN,AMZN,ANSS,APP,ARM,ASML,AVGO,AZN,BIIB,BKNG,BKR,CCEP,CDNS,CDW,CEG,CHTR,CMCSA,COST,CPRT,CRWD,CSCO,CSGP,CSX,CTAS,CTSH,DASH,DDOG,DXCM,EA,EXC,FANG,FAST,FTNT,GEHC,GFS,GILD,GOOG,GOOGL,HON,IDXX,ILMN,INTC,INTU,ISRG,KDP,KHC,KLAC,LIN,LRCX,LULU,MAR,MCHP,MDB,MDLZ,MELI,META,MNST,MRNA,MRVL,MSFT,MU,NFLX,NVDA,NXPI,ODFL,ON,ORLY,PANW,PAYX,PCAR,PDD,PEP,PYPL,QCOM,REGN,ROP,ROST,SBUX,SMCI,SNPS,TEAM,TMUS,TSLA,TTD,TTWO,TXN,VRSK,VRTX,WBD,WDAY,XEL,ZS"
12/23/2024,"AAPL,ABNB,ADBE,ADI,ADP,ADSK,AEP,AMAT,AMD,AMGN,AMZN,ANSS,APP,ARM,ASML,AVGO,AXON,AZN,BIIB,BKNG,BKR,CCEP,CDNS,CDW,CEG,CHTR,CMCSA,COST,CPRT,CRWD,CSCO,CSGP,CSX,CTAS,CTSH,DASH,DDOG,DXCM,EA,EXC,FANG,FAST,FTNT,GEHC,GFS,GILD,GOOG,GOOGL,HON,IDXX,INTC,INTU,ISRG,KDP,KHC,KLAC,LIN,LRCX,LULU,MAR,MCHP,MDB,MDLZ,MELI,META,MNST,MRVL,MSFT,MSTR,MU,NFLX,NVDA,NXPI,ODFL,ON,ORLY,PANW,PAYX,PCAR,PDD,PEP,PLTR,PYPL,QCOM,REGN,ROP,ROST,SBUX,SNPS,TEAM,TMUS,TSLA,TTD,TTWO,TXN,VRSK,VRTX,WBD,WDAY,XEL,ZS"
5/19/2025,"AAPL,ABNB,ADBE,ADI,ADP,ADSK,AEP,AMAT,AMD,AMGN,AMZN,ANSS,APP,ARM,ASML,AVGO,AXON,AZN,BIIB,BKNG,BKR,CCEP,CDNS,CDW,CEG,CHTR,CMCSA,COST,CPRT,CRWD,CSCO,CSGP,CSX,CTAS,CTSH,DASH,DDOG,DXCM,EA,EXC,FANG,FAST,FTNT,GEHC,GFS,GILD,GOOG,GOOGL,HON,IDXX,INTC,INTU,ISRG,KDP,KHC,KLAC,LIN,LRCX,LULU,MAR,MCHP,MDLZ,MELI,META,MNST,MRVL,MSFT,MSTR,MU,NFLX,NVDA,NXPI,ODFL,ON,ORLY,PANW,PAYX,PCAR,PDD,PEP,PLTR,PYPL,QCOM,REGN,ROP,ROST,SBUX,SHOP,SNPS,TEAM,TMUS,TSLA,TTD,TTWO,TXN,VRSK,VRTX,WBD,WDAY,XEL,ZS"
7/17/2025,"AAPL,ABNB,ADBE,ADI,ADP,ADSK,AEP,AMAT,AMD,AMGN,AMZN,APP,ARM,ASML,AVGO,AXON,AZN,BIIB,BKNG,BKR,CCEP,CDNS,CDW,CEG,CHTR,CMCSA,COST,CPRT,CRWD,CSCO,CSGP,CSX,CTAS,CTSH,DASH,DDOG,DXCM,EA,EXC,FANG,FAST,FTNT,GEHC,GFS,GILD,GOOG,GOOGL,HON,IDXX,INTC,INTU,ISRG,KDP,KHC,KLAC,LIN,LRCX,LULU,MAR,MCHP,MDLZ,MELI,META,MNST,MRVL,MSFT,MSTR,MU,NFLX,NVDA,NXPI,ODFL,ON,ORLY,PANW,PAYX,PCAR,PDD,PEP,PLTR,PYPL,QCOM,REGN,ROP,ROST,SBUX,SHOP,SNPS,TEAM,TMUS,TSLA,TTD,TTWO,TXN,VRSK,VRTX,WBD,WDAY,XEL,ZS"
7/28/2025,"AAPL,ABNB,ADBE,ADI,ADP,ADSK,AEP,AMAT,AMD,AMGN,AMZN,APP,ARM,ASML,AVGO,AXON,AZN,BIIB,BKNG,BKR,CCEP,CDNS,CDW,CEG,CHTR,CMCSA,COST,CPRT,CRWD,CSCO,CSGP,CSX,CTAS,CTSH,DASH,DDOG,DXCM,EA,EXC,FANG,FAST,FTNT,GEHC,GFS,GILD,GOOG,GOOGL,HON,IDXX,INTC,INTU,ISRG,KDP,KHC,KLAC,LIN,LRCX,LULU,MAR,MCHP,MDLZ,MELI,META,MNST,MRVL,MSFT,MSTR,MU,NFLX,NVDA,NXPI,ODFL,ON,ORLY,PANW,PAYX,PCAR,PDD,PEP,PLTR,PYPL,QCOM,REGN,ROP,ROST,SBUX,SHOP,SNPS,TEAM,TMUS,TRI,TSLA,TTD,TTWO,TXN,VRSK,VRTX,WBD,WDAY,XEL,ZS"
10/30/2025,"AAPL,ABNB,ADBE,ADI,ADP,ADSK,AEP,AMAT,AMD,AMGN,AMZN,APP,ARM,ASML,AVGO,AXON,AZN,BIIB,BKNG,BKR,CCEP,CDNS,CDW,CEG,CHTR,CMCSA,COST,CPRT,CRWD,CSCO,CSGP,CSX,CTAS,CTSH,DASH,DDOG,DXCM,EA,EXC,FANG,FAST,FTNT,GEHC,GFS,GILD,GOOG,GOOGL,HON,IDXX,INTC,INTU,ISRG,KDP,KHC,KLAC,LIN,LRCX,LULU,MAR,MCHP,MDLZ,MELI,META,MNST,MRVL,MSFT,MSTR,MU,NFLX,NVDA,NXPI,ODFL,ON,ORLY,PANW,PAYX,PCAR,PDD,PEP,PLTR,PYPL,QCOM,REGN,ROP,ROST,SBUX,SHOP,SNPS,SOLS,TEAM,TMUS,TRI,TSLA,TTD,TTWO,TXN,VRSK,VRTX,WBD,WDAY,XEL,ZS"
11/6/2025,"AAPL,ABNB,ADBE,ADI,ADP,ADSK,AEP,AMAT,AMD,AMGN,AMZN,APP,ARM,ASML,AVGO,AXON,AZN,BIIB,BKNG,BKR,CCEP,CDNS,CDW,CEG,CHTR,CMCSA,COST,CPRT,CRWD,CSCO,CSGP,CSX,CTAS,CTSH,DASH,DDOG,DXCM,EA,EXC,FANG,FAST,FTNT,GEHC,GFS,GILD,GOOG,GOOGL,HON,IDXX,INTC,INTU,ISRG,KDP,KHC,KLAC,LIN,LRCX,LULU,MAR,MCHP,MDLZ,MELI,META,MNST,MRVL,MSFT,MSTR,MU,NFLX,NVDA,NXPI,ODFL,ON,ORLY,PANW,PAYX,PCAR,PDD,PEP,PLTR,PYPL,QCOM,REGN,ROP,ROST,SBUX,SHOP,SNPS,TEAM,TMUS,TRI,TSLA,TTD,TTWO,TXN,VRSK,VRTX,WBD,WDAY,XEL,ZS"
12/22/2025,"AAPL,ABNB,ADBE,ADI,ADP,ADSK,AEP,ALNY,AMAT,AMD,AMGN,AMZN,APP,ARM,ASML,AVGO,AXON,AZN,BKNG,BKR,CCEP,CDNS,CEG,CHTR,CMCSA,COST,CPRT,CRWD,CSCO,CSGP,CSX,CTAS,CTSH,DASH,DDOG,DXCM,EA,EXC,FANG,FAST,FER,FTNT,GEHC,GILD,GOOG,GOOGL,HON,IDXX,INSM,INTC,INTU,ISRG,KDP,KHC,KLAC,LIN,LRCX,MAR,MCHP,MDLZ,MELI,META,MNST,MPWR,MRVL,MSFT,MSTR,MU,NFLX,NVDA,NXPI,ODFL,ORLY,PANW,PAYX,PCAR,PDD,PEP,PLTR,PYPL,QCOM,REGN,ROP,ROST,SBUX,SHOP,SNPS,STX,TEAM,TMUS,TRI,TSLA,TTWO,TXN,VRSK,VRTX,WBD,WDAY,WDC,XEL,ZS"
1/5/2026,"AAPL,ABNB,ADBE,ADI,ADP,ADSK,AEP,ALNY,AMAT,AMD,AMGN,AMZN,APP,ARM,ASML,AVGO,AXON,AZN,BKNG,BKR,CCEP,CDNS,CEG,CHTR,CMCSA,COST,CPRT,CRWD,CSCO,CSGP,CSX,CTAS,CTSH,DASH,DDOG,DXCM,EA,EXC,FANG,FAST,FER,FTNT,GEHC,GILD,GOOG,GOOGL,HON,IDXX,INSM,INTC,INTU,ISRG,KDP,KHC,KLAC,LIN,LRCX,MAR,MCHP,MDLZ,MELI,META,MNST,MPWR,MRVL,MSFT,MSTR,MU,NFLX,NVDA,NXPI,ODFL,ORLY,PANW,PAYX,PCAR,PDD,PEP,PLTR,PYPL,QCOM,REGN,ROP,ROST,SBUX,SHOP,SNPS,STX,TEAM,TMUS,TRI,TSLA,TTWO,TXN,VRSK,VRTX,VSNT,WBD,WDAY,WDC,XEL,ZS"
1/9/2026,"AAPL,ABNB,ADBE,ADI,ADP,ADSK,AEP,ALNY,AMAT,AMD,AMGN,AMZN,APP,ARM,ASML,AVGO,AXON,AZN,BKNG,BKR,CCEP,CDNS,CEG,CHTR,CMCSA,COST,CPRT,CRWD,CSCO,CSGP,CSX,CTAS,CTSH,DASH,DDOG,DXCM,EA,EXC,FANG,FAST,FER,FTNT,GEHC,GILD,GOOG,GOOGL,HON,IDXX,INSM,INTC,INTU,ISRG,KDP,KHC,KLAC,LIN,LRCX,MAR,MCHP,MDLZ,MELI,META,MNST,MPWR,MRVL,MSFT,MSTR,MU,NFLX,NVDA,NXPI,ODFL,ORLY,PANW,PAYX,PCAR,PDD,PEP,PLTR,PYPL,QCOM,REGN,ROP,ROST,SBUX,SHOP,SNPS,STX,TEAM,TMUS,TRI,TSLA,TTWO,TXN,VRSK,VRTX,WBD,WDAY,WDC,XEL,ZS"
1/20/2026,"AAPL,ABNB,ADBE,ADI,ADP,ADSK,AEP,ALNY,AMAT,AMD,AMGN,AMZN,APP,ARM,ASML,AVGO,AXON,BKNG,BKR,CCEP,CDNS,CEG,CHTR,CMCSA,COST,CPRT,CRWD,CSCO,CSGP,CSX,CTAS,CTSH,DASH,DDOG,DXCM,EA,EXC,FANG,FAST,FER,FTNT,GEHC,GILD,GOOG,GOOGL,HON,IDXX,INSM,INTC,INTU,ISRG,KDP,KHC,KLAC,LIN,LRCX,MAR,MCHP,MDLZ,MELI,META,MNST,MPWR,MRVL,MSFT,MSTR,MU,NFLX,NVDA,NXPI,ODFL,ORLY,PANW,PAYX,PCAR,PDD,PEP,PLTR,PYPL,QCOM,REGN,ROP,ROST,SBUX,SHOP,SNPS,STX,TEAM,TMUS,TRI,TSLA,TTWO,TXN,VRSK,VRTX,WBD,WDAY,WDC,WMT,XEL,ZS"
4/20/2026,"AAPL,ABNB,ADBE,ADI,ADP,ADSK,AEP,ALNY,AMAT,AMD,AMGN,AMZN,APP,ARM,ASML,AVGO,AXON,BKNG,BKR,CCEP,CDNS,CEG,CHTR,CMCSA,COST,CPRT,CRWD,CSCO,CSGP,CSX,CTAS,CTSH,DASH,DDOG,DXCM,EA,EXC,FANG,FAST,FER,FTNT,GEHC,GILD,GOOG,GOOGL,HON,IDXX,INSM,INTC,INTU,ISRG,KDP,KHC,KLAC,LIN,LRCX,MAR,MCHP,MDLZ,MELI,META,MNST,MPWR,MRVL,MSFT,MSTR,MU,NFLX,NVDA,NXPI,ODFL,ORLY,PANW,PAYX,PCAR,PDD,PEP,PLTR,PYPL,QCOM,REGN,ROP,ROST,SBUX,SHOP,SNDK,SNPS,STX,TMUS,TRI,TSLA,TTWO,TXN,VRSK,VRTX,WBD,WDAY,WDC,WMT,XEL,ZS"
5/18/2026,"AAPL,ABNB,ADBE,ADI,ADP,ADSK,AEP,ALNY,AMAT,AMD,AMGN,AMZN,APP,ARM,ASML,AVGO,AXON,BKNG,BKR,CCEP,CDNS,CEG,CHTR,CMCSA,COST,CPRT,CRWD,CSCO,CSX,CTAS,CTSH,DASH,DDOG,DXCM,EA,EXC,FANG,FAST,FER,FTNT,GEHC,GILD,GOOG,GOOGL,HON,IDXX,INSM,INTC,INTU,ISRG,KDP,KHC,KLAC,LIN,LITE,LRCX,MAR,MCHP,MDLZ,MELI,META,MNST,MPWR,MRVL,MSFT,MSTR,MU,NFLX,NVDA,NXPI,ODFL,ORLY,PANW,PAYX,PCAR,PDD,PEP,PLTR,PYPL,QCOM,REGN,ROP,ROST,SBUX,SHOP,SNDK,SNPS,STX,TMUS,TRI,TSLA,TTWO,TXN,VRSK,VRTX,WBD,WDAY,WDC,WMT,XEL,ZS"
6/22/2026,"AAPL,ABNB,ADBE,ADI,ADP,ADSK,AEP,ALAB,ALNY,AMAT,AMD,AMGN,AMZN,APP,ARM,ASML,AVGO,AXON,BKNG,BKR,CCEP,CDNS,CEG,CMCSA,COST,CPRT,CRWD,CRWV,CSCO,CSX,CTAS,DASH,DDOG,DXCM,EA,EXC,FANG,FAST,FER,FTNT,GEHC,GILD,GOOG,GOOGL,HON,IDXX,INTC,INTU,ISRG,KDP,KHC,KLAC,LIN,LITE,LRCX,MAR,MCHP,MDLZ,MELI,META,MNST,MPWR,MRVL,MSFT,MSTR,MU,NBIS,NFLX,NVDA,NXPI,ODFL,ORLY,PANW,PAYX,PCAR,PDD,PEP,PLTR,PYPL,QCOM,REGN,RKLB,ROP,ROST,SBUX,SHOP,SNDK,SNPS,STX,TER,TMUS,TRI,TSLA,TTWO,TXN,VRTX,WBD,WDAY,WDC,WMT,XEL"
6/29/2026,"AAPL,ABNB,ADBE,ADI,ADP,ADSK,AEP,ALAB,ALNY,AMAT,AMD,AMGN,AMZN,APP,ARM,ASML,AVGO,AXON,BKNG,BKR,CCEP,CDNS,CEG,CMCSA,COST,CPRT,CRWD,CRWV,CSCO,CSX,CTAS,DASH,DDOG,DXCM,EA,EXC,FANG,FAST,FER,FTNT,GEHC,GILD,GOOG,GOOGL,HON,HONA,IDXX,INTC,INTU,ISRG,KDP,KHC,KLAC,LIN,LITE,LRCX,MAR,MCHP,MDLZ,MELI,META,MNST,MPWR,MRVL,MSFT,MSTR,MU,NBIS,NFLX,NVDA,NXPI,ODFL,ORLY,PANW,PAYX,PCAR,PDD,PEP,PLTR,PYPL,QCOM,REGN,RKLB,ROP,ROST,SBUX,SHOP,SNDK,SNPS,STX,TER,TMUS,TRI,TSLA,TTWO,TXN,VRTX,WBD,WDAY,WDC,WMT,XEL"
