date,weekday,category,detail,reason
1995-01-26,Thursday,FIXED_HOLIDAY,Republic Day,
1995-02-27,Monday,HOLIDAY_NON_FIXED,Market closed (404 on all URLs),
1995-03-17,Friday,HOLIDAY_NON_FIXED,Market closed (404 on all URLs),
1995-04-13,Thursday,HOLIDAY_NON_FIXED,Market closed (404 on all URLs),
1995-04-14,Friday,HOLIDAY_NON_FIXED,Market closed (404 on all URLs),
1995-05-01,Monday,FIXED_HOLIDAY,Maharashtra Day,
1995-05-11,Thursday,HOLIDAY_NON_FIXED,Market closed (404 on all URLs),
1995-08-10,Thursday,HOLIDAY_NON_FIXED,Market closed (404 on all URLs),
1995-08-15,Tuesday,FIXED_HOLIDAY,Independence Day,
1995-08-29,Tuesday,HOLIDAY_NON_FIXED,Market closed (404 on all URLs),
1995-09-04,Monday,HOLIDAY_NON_FIXED,Market closed (404 on all URLs),
1995-09-06,Wednesday,HOLIDAY_NON_FIXED,Market closed (404 on all URLs),
1995-10-02,Monday,FIXED_HOLIDAY,Gandhi Jayanti,
1995-10-03,Tuesday,HOLIDAY_NON_FIXED,Market closed (404 on all URLs),
1995-12-25,Monday,FIXED_HOLIDAY,Christmas,
1996-01-26,Friday,FIXED_HOLIDAY,Republic Day,
1996-02-21,Wednesday,HOLIDAY_NON_FIXED,Market closed (404 on all URLs),
1996-03-05,Tuesday,HOLIDAY_NON_FIXED,Market closed (404 on all URLs),
1996-03-20,Wednesday,HOLIDAY_NON_FIXED,Market closed (404 on all URLs),
1996-04-05,Friday,HOLIDAY_NON_FIXED,Market closed (404 on all URLs),
1996-08-15,Thursday,FIXED_HOLIDAY,Independence Day,
1996-10-02,Wednesday,FIXED_HOLIDAY,Gandhi Jayanti,
1996-10-21,Monday,HOLIDAY_NON_FIXED,Market closed (404 on all URLs),
1996-10-30,Wednesday,HOLIDAY_NON_FIXED,Market closed (404 on all URLs),
1996-11-12,Tuesday,HOLIDAY_NON_FIXED,Market closed (404 on all URLs),
1996-12-25,Wednesday,FIXED_HOLIDAY,Christmas,
1996-12-27,Friday,HOLIDAY_NON_FIXED,Market closed (404 on all URLs),
1996-12-30,Monday,HOLIDAY_NON_FIXED,Market closed (404 on all URLs),
1997-01-23,Thursday,HOLIDAY_NON_FIXED,Market closed (404 on all URLs),
1997-03-07,Friday,HOLIDAY_NON_FIXED,Market closed (404 on all URLs),
1997-03-24,Monday,HOLIDAY_NON_FIXED,Market closed (404 on all URLs),
1997-03-28,Friday,HOLIDAY_NON_FIXED,Market closed (404 on all URLs),
1997-04-08,Tuesday,HOLIDAY_NON_FIXED,Market closed (404 on all URLs),
1997-04-14,Monday,HOLIDAY_NON_FIXED,Market closed (404 on all URLs),
1997-04-16,Wednesday,HOLIDAY_NON_FIXED,Market closed (404 on all URLs),
1997-04-18,Friday,HOLIDAY_NON_FIXED,Market closed (404 on all URLs),
1997-05-01,Thursday,FIXED_HOLIDAY,Maharashtra Day,
1997-07-18,Friday,HOLIDAY_NON_FIXED,Market closed (404 on all URLs),
1997-08-15,Friday,FIXED_HOLIDAY,Independence Day,
1997-10-02,Thursday,FIXED_HOLIDAY,Gandhi Jayanti,
1997-10-03,Friday,HOLIDAY_NON_FIXED,Market closed (404 on all URLs),
1997-10-06,Monday,HOLIDAY_NON_FIXED,Market closed (404 on all URLs),
1997-10-07,Tuesday,HOLIDAY_NON_FIXED,Market closed (404 on all URLs),
1997-10-08,Wednesday,HOLIDAY_NON_FIXED,Market closed (404 on all URLs),
1997-10-31,Friday,HOLIDAY_NON_FIXED,Market closed (404 on all URLs),
1997-11-14,Friday,HOLIDAY_NON_FIXED,Market closed (404 on all URLs),
1997-12-25,Thursday,FIXED_HOLIDAY,Christmas,
1998-01-26,Monday,FIXED_HOLIDAY,Republic Day,
1998-02-16,Monday,HOLIDAY_NON_FIXED,Market closed (404 on all URLs),
1998-03-13,Friday,HOLIDAY_NON_FIXED,Market closed (404 on all URLs),
1998-04-08,Wednesday,HOLIDAY_NON_FIXED,Market closed (404 on all URLs),
1998-04-14,Tuesday,HOLIDAY_NON_FIXED,Market closed (404 on all URLs),
1998-05-01,Friday,FIXED_HOLIDAY,Maharashtra Day,
1998-05-07,Thursday,HOLIDAY_NON_FIXED,Market closed (404 on all URLs),
1998-08-26,Wednesday,HOLIDAY_NON_FIXED,Market closed (404 on all URLs),
1998-10-01,Thursday,HOLIDAY_NON_FIXED,Market closed (404 on all URLs),
1998-10-02,Friday,FIXED_HOLIDAY,Gandhi Jayanti,
1998-10-21,Wednesday,HOLIDAY_NON_FIXED,Market closed (404 on all URLs),
1998-11-04,Wednesday,HOLIDAY_NON_FIXED,Market closed (404 on all URLs),
1998-11-25,Wednesday,HOLIDAY_NON_FIXED,Market closed (404 on all URLs),
1998-12-25,Friday,FIXED_HOLIDAY,Christmas,
1999-01-20,Wednesday,HOLIDAY_NON_FIXED,Market closed (404 on all URLs),
1999-01-26,Tuesday,FIXED_HOLIDAY,Republic Day,
1999-03-02,Tuesday,HOLIDAY_NON_FIXED,Market closed (404 on all URLs),
1999-03-29,Monday,HOLIDAY_NON_FIXED,Market closed (404 on all URLs),
1999-04-02,Friday,HOLIDAY_NON_FIXED,Market closed (404 on all URLs),
1999-04-14,Wednesday,HOLIDAY_NON_FIXED,Market closed (404 on all URLs),
1999-04-27,Tuesday,HOLIDAY_NON_FIXED,Market closed (404 on all URLs),
1999-09-13,Monday,HOLIDAY_NON_FIXED,Market closed (404 on all URLs),
1999-10-19,Tuesday,HOLIDAY_NON_FIXED,Market closed (404 on all URLs),
1999-11-08,Monday,HOLIDAY_NON_FIXED,Market closed (404 on all URLs),
1999-11-23,Tuesday,HOLIDAY_NON_FIXED,Market closed (404 on all URLs),
1999-12-31,Friday,HOLIDAY_NON_FIXED,Market closed (404 on all URLs),
2000-01-26,Wednesday,FIXED_HOLIDAY,Republic Day,
2000-03-17,Friday,HOLIDAY_NON_FIXED,Market closed (404 on all URLs),
2000-03-20,Monday,HOLIDAY_NON_FIXED,Market closed (404 on all URLs),
2000-04-14,Friday,HOLIDAY_NON_FIXED,Market closed (404 on all URLs),
2000-04-21,Friday,HOLIDAY_NON_FIXED,Market closed (404 on all URLs),
2000-05-01,Monday,FIXED_HOLIDAY,Maharashtra Day,
2000-08-15,Tuesday,FIXED_HOLIDAY,Independence Day,
2000-09-01,Friday,HOLIDAY_NON_FIXED,Market closed (404 on all URLs),
2000-10-02,Monday,FIXED_HOLIDAY,Gandhi Jayanti,
2000-12-25,Monday,FIXED_HOLIDAY,Christmas,
2001-01-26,Friday,FIXED_HOLIDAY,Republic Day,
2001-03-06,Tuesday,HOLIDAY_NON_FIXED,Market closed (404 on all URLs),
2001-04-05,Thursday,HOLIDAY_NON_FIXED,Market closed (404 on all URLs),
2001-04-13,Friday,HOLIDAY_NON_FIXED,Market closed (404 on all URLs),
2001-05-01,Tuesday,FIXED_HOLIDAY,Maharashtra Day,
2001-08-15,Wednesday,FIXED_HOLIDAY,Independence Day,
2001-08-22,Wednesday,HOLIDAY_NON_FIXED,Market closed (404 on all URLs),
2001-10-02,Tuesday,FIXED_HOLIDAY,Gandhi Jayanti,
2001-10-26,Friday,HOLIDAY_NON_FIXED,Market closed (404 on all URLs),
2001-11-16,Friday,HOLIDAY_NON_FIXED,Market closed (404 on all URLs),
2001-11-30,Friday,HOLIDAY_NON_FIXED,Market closed (404 on all URLs),
2001-12-17,Monday,HOLIDAY_NON_FIXED,Market closed (404 on all URLs),
2001-12-25,Tuesday,FIXED_HOLIDAY,Christmas,
2002-03-25,Monday,HOLIDAY_NON_FIXED,Market closed (404 on all URLs),
2002-03-29,Friday,HOLIDAY_NON_FIXED,Market closed (404 on all URLs),
2002-05-01,Wednesday,FIXED_HOLIDAY,Maharashtra Day,
2002-08-15,Thursday,FIXED_HOLIDAY,Independence Day,
2002-09-10,Tuesday,HOLIDAY_NON_FIXED,Market closed (404 on all URLs),
2002-10-02,Wednesday,FIXED_HOLIDAY,Gandhi Jayanti,
2002-10-15,Tuesday,HOLIDAY_NON_FIXED,Market closed (404 on all URLs),
2002-11-06,Wednesday,HOLIDAY_NON_FIXED,Market closed (404 on all URLs),
2002-11-19,Tuesday,HOLIDAY_NON_FIXED,Market closed (404 on all URLs),
2002-12-25,Wednesday,FIXED_HOLIDAY,Christmas,
2003-02-13,Thursday,HOLIDAY_NON_FIXED,Market closed (404 on all URLs),
2003-03-14,Friday,HOLIDAY_NON_FIXED,Market closed (404 on all URLs),
2003-03-18,Tuesday,HOLIDAY_NON_FIXED,Market closed (404 on all URLs),
2003-04-14,Monday,HOLIDAY_NON_FIXED,Market closed (404 on all URLs),
2003-04-18,Friday,HOLIDAY_NON_FIXED,Market closed (404 on all URLs),
2003-05-01,Thursday,FIXED_HOLIDAY,Maharashtra Day,
2003-08-15,Friday,FIXED_HOLIDAY,Independence Day,
2003-10-02,Thursday,FIXED_HOLIDAY,Gandhi Jayanti,
2003-11-26,Wednesday,HOLIDAY_NON_FIXED,Market closed (404 on all URLs),
2003-12-25,Thursday,FIXED_HOLIDAY,Christmas,
2004-01-26,Monday,FIXED_HOLIDAY,Republic Day,
2004-02-02,Monday,HOLIDAY_NON_FIXED,Market closed (404 on all URLs),
2004-03-02,Tuesday,HOLIDAY_NON_FIXED,Market closed (404 on all URLs),
2004-04-09,Friday,HOLIDAY_NON_FIXED,Market closed (404 on all URLs),
2004-04-14,Wednesday,HOLIDAY_NON_FIXED,Market closed (404 on all URLs),
2004-04-26,Monday,HOLIDAY_NON_FIXED,Market closed (404 on all URLs),
2004-10-13,Wednesday,HOLIDAY_NON_FIXED,Market closed (404 on all URLs),
2004-10-22,Friday,HOLIDAY_NON_FIXED,Market closed (404 on all URLs),
2004-11-15,Monday,HOLIDAY_NON_FIXED,Market closed (404 on all URLs),
2004-11-26,Friday,HOLIDAY_NON_FIXED,Market closed (404 on all URLs),
2005-01-21,Friday,HOLIDAY_NON_FIXED,Market closed (404 on all URLs),
2005-01-26,Wednesday,FIXED_HOLIDAY,Republic Day,
2005-03-25,Friday,HOLIDAY_NON_FIXED,Market closed (404 on all URLs),
2005-04-14,Thursday,HOLIDAY_NON_FIXED,Market closed (404 on all URLs),
2005-07-28,Thursday,HOLIDAY_NON_FIXED,Market closed (404 on all URLs),
2005-08-15,Monday,FIXED_HOLIDAY,Independence Day,
2005-09-07,Wednesday,HOLIDAY_NON_FIXED,Market closed (404 on all URLs),
2005-10-12,Wednesday,HOLIDAY_NON_FIXED,Market closed (404 on all URLs),
2005-11-03,Thursday,HOLIDAY_NON_FIXED,Market closed (404 on all URLs),
2005-11-04,Friday,HOLIDAY_NON_FIXED,Market closed (404 on all URLs),
2005-11-15,Tuesday,HOLIDAY_NON_FIXED,Market closed (404 on all URLs),
2006-01-11,Wednesday,HOLIDAY_NON_FIXED,Market closed (404 on all URLs),
2006-01-26,Thursday,FIXED_HOLIDAY,Republic Day,
2006-02-09,Thursday,HOLIDAY_NON_FIXED,Market closed (404 on all URLs),
2006-03-15,Wednesday,HOLIDAY_NON_FIXED,Market closed (404 on all URLs),
2006-04-06,Thursday,HOLIDAY_NON_FIXED,Market closed (404 on all URLs),
2006-04-11,Tuesday,HOLIDAY_NON_FIXED,Market closed (404 on all URLs),
2006-04-14,Friday,HOLIDAY_NON_FIXED,Market closed (404 on all URLs),
2006-05-01,Monday,FIXED_HOLIDAY,Maharashtra Day,
2006-08-15,Tuesday,FIXED_HOLIDAY,Independence Day,
2006-10-02,Monday,FIXED_HOLIDAY,Gandhi Jayanti,
2006-10-24,Tuesday,HOLIDAY_NON_FIXED,Market closed (404 on all URLs),
2006-10-25,Wednesday,HOLIDAY_NON_FIXED,Market closed (404 on all URLs),
2006-12-25,Monday,FIXED_HOLIDAY,Christmas,
2007-01-01,Monday,HOLIDAY_NON_FIXED,Market closed (404 on all URLs),
2007-01-26,Friday,FIXED_HOLIDAY,Republic Day,
2007-01-30,Tuesday,HOLIDAY_NON_FIXED,Market closed (404 on all URLs),
2007-02-16,Friday,HOLIDAY_NON_FIXED,Market closed (404 on all URLs),
2007-03-27,Tuesday,HOLIDAY_NON_FIXED,Market closed (404 on all URLs),
2007-04-06,Friday,HOLIDAY_NON_FIXED,Market closed (404 on all URLs),
2007-05-01,Tuesday,FIXED_HOLIDAY,Maharashtra Day,
2007-05-02,Wednesday,HOLIDAY_NON_FIXED,Market closed (404 on all URLs),
2007-08-15,Wednesday,FIXED_HOLIDAY,Independence Day,
2007-10-02,Tuesday,FIXED_HOLIDAY,Gandhi Jayanti,
2007-12-21,Friday,HOLIDAY_NON_FIXED,Market closed (404 on all URLs),
2007-12-25,Tuesday,FIXED_HOLIDAY,Christmas,
2008-03-06,Thursday,HOLIDAY_NON_FIXED,Market closed (404 on all URLs),
2008-03-20,Thursday,HOLIDAY_NON_FIXED,Market closed (404 on all URLs),
2008-03-21,Friday,HOLIDAY_NON_FIXED,Market closed (404 on all URLs),
2008-04-14,Monday,HOLIDAY_NON_FIXED,Market closed (404 on all URLs),
2008-04-18,Friday,HOLIDAY_NON_FIXED,Market closed (404 on all URLs),
2008-05-01,Thursday,FIXED_HOLIDAY,Maharashtra Day,
2008-05-19,Monday,HOLIDAY_NON_FIXED,Market closed (404 on all URLs),
2008-08-15,Friday,FIXED_HOLIDAY,Independence Day,
2008-09-03,Wednesday,HOLIDAY_NON_FIXED,Market closed (404 on all URLs),
2008-10-02,Thursday,FIXED_HOLIDAY,Gandhi Jayanti,
2008-10-09,Thursday,HOLIDAY_NON_FIXED,Market closed (404 on all URLs),
2008-10-30,Thursday,HOLIDAY_NON_FIXED,Market closed (404 on all URLs),
2008-11-13,Thursday,HOLIDAY_NON_FIXED,Market closed (404 on all URLs),
2008-11-27,Thursday,HOLIDAY_NON_FIXED,Market closed (404 on all URLs),
2008-12-09,Tuesday,HOLIDAY_NON_FIXED,Market closed (404 on all URLs),
2008-12-25,Thursday,FIXED_HOLIDAY,Christmas,
2009-01-08,Thursday,HOLIDAY_NON_FIXED,Market closed (404 on all URLs),
2009-01-26,Monday,FIXED_HOLIDAY,Republic Day,
2009-02-23,Monday,HOLIDAY_NON_FIXED,Market closed (404 on all URLs),
2009-03-10,Tuesday,HOLIDAY_NON_FIXED,Market closed (404 on all URLs),
2009-03-11,Wednesday,HOLIDAY_NON_FIXED,Market closed (404 on all URLs),
2009-04-03,Friday,HOLIDAY_NON_FIXED,Market closed (404 on all URLs),
2009-04-07,Tuesday,HOLIDAY_NON_FIXED,Market closed (404 on all URLs),
2009-04-10,Friday,HOLIDAY_NON_FIXED,Market closed (404 on all URLs),
2009-04-14,Tuesday,HOLIDAY_NON_FIXED,Market closed (404 on all URLs),
2009-04-30,Thursday,HOLIDAY_NON_FIXED,Market closed (404 on all URLs),
2009-05-01,Friday,FIXED_HOLIDAY,Maharashtra Day,
2009-09-21,Monday,HOLIDAY_NON_FIXED,Market closed (404 on all URLs),
2009-09-28,Monday,HOLIDAY_NON_FIXED,Market closed (404 on all URLs),
2009-10-02,Friday,FIXED_HOLIDAY,Gandhi Jayanti,
2009-10-13,Tuesday,HOLIDAY_NON_FIXED,Market closed (404 on all URLs),
2009-10-19,Monday,HOLIDAY_NON_FIXED,Market closed (404 on all URLs),
2009-11-02,Monday,HOLIDAY_NON_FIXED,Market closed (404 on all URLs),
2009-12-25,Friday,FIXED_HOLIDAY,Christmas,
2009-12-28,Monday,HOLIDAY_NON_FIXED,Market closed (404 on all URLs),
2010-01-01,Friday,HOLIDAY_NON_FIXED,Market closed (404 on all URLs),
2010-01-26,Tuesday,FIXED_HOLIDAY,Republic Day,
2010-02-12,Friday,HOLIDAY_NON_FIXED,Market closed (404 on all URLs),
2010-03-01,Monday,HOLIDAY_NON_FIXED,Market closed (404 on all URLs),
2010-03-24,Wednesday,HOLIDAY_NON_FIXED,Market closed (404 on all URLs),
2010-04-02,Friday,HOLIDAY_NON_FIXED,Market closed (404 on all URLs),
2010-04-14,Wednesday,HOLIDAY_NON_FIXED,Market closed (404 on all URLs),
2010-09-10,Friday,HOLIDAY_NON_FIXED,Market closed (404 on all URLs),
2010-11-17,Wednesday,HOLIDAY_NON_FIXED,Market closed (404 on all URLs),
2010-12-17,Friday,HOLIDAY_NON_FIXED,Market closed (404 on all URLs),
2011-01-26,Wednesday,FIXED_HOLIDAY,Republic Day,
2011-03-02,Wednesday,HOLIDAY_NON_FIXED,Market closed (404 on all URLs),
2011-04-12,Tuesday,HOLIDAY_NON_FIXED,Market closed (404 on all URLs),
2011-04-14,Thursday,HOLIDAY_NON_FIXED,Market closed (404 on all URLs),
2011-04-22,Friday,HOLIDAY_NON_FIXED,Market closed (404 on all URLs),
2011-08-15,Monday,FIXED_HOLIDAY,Independence Day,
2011-08-31,Wednesday,HOLIDAY_NON_FIXED,Market closed (404 on all URLs),
2011-09-01,Thursday,HOLIDAY_NON_FIXED,Market closed (404 on all URLs),
2011-10-06,Thursday,HOLIDAY_NON_FIXED,Market closed (404 on all URLs),
2011-10-27,Thursday,HOLIDAY_NON_FIXED,Market closed (404 on all URLs),
2011-11-07,Monday,HOLIDAY_NON_FIXED,Market closed (404 on all URLs),
2011-11-10,Thursday,HOLIDAY_NON_FIXED,Market closed (404 on all URLs),
2011-12-06,Tuesday,HOLIDAY_NON_FIXED,Market closed (404 on all URLs),
2012-01-26,Thursday,FIXED_HOLIDAY,Republic Day,
2012-02-20,Monday,HOLIDAY_NON_FIXED,Market closed (404 on all URLs),
2012-03-08,Thursday,HOLIDAY_NON_FIXED,Market closed (404 on all URLs),
2012-04-05,Thursday,HOLIDAY_NON_FIXED,Market closed (404 on all URLs),
2012-04-06,Friday,HOLIDAY_NON_FIXED,Market closed (404 on all URLs),
2012-05-01,Tuesday,FIXED_HOLIDAY,Maharashtra Day,
2012-08-15,Wednesday,FIXED_HOLIDAY,Independence Day,
2012-08-20,Monday,HOLIDAY_NON_FIXED,Market closed (404 on all URLs),
2012-09-19,Wednesday,HOLIDAY_NON_FIXED,Market closed (404 on all URLs),
2012-10-02,Tuesday,FIXED_HOLIDAY,Gandhi Jayanti,
2012-10-24,Wednesday,HOLIDAY_NON_FIXED,Market closed (404 on all URLs),
2012-11-14,Wednesday,HOLIDAY_NON_FIXED,Market closed (404 on all URLs),
2012-11-28,Wednesday,HOLIDAY_NON_FIXED,Market closed (404 on all URLs),
2012-12-25,Tuesday,FIXED_HOLIDAY,Christmas,
2013-03-27,Wednesday,HOLIDAY_NON_FIXED,Market closed (404 on all URLs),
2013-03-29,Friday,HOLIDAY_NON_FIXED,Market closed (404 on all URLs),
2013-04-19,Friday,HOLIDAY_NON_FIXED,Market closed (404 on all URLs),
2013-04-24,Wednesday,HOLIDAY_NON_FIXED,Market closed (404 on all URLs),
2013-05-01,Wednesday,FIXED_HOLIDAY,Maharashtra Day,
2013-08-09,Friday,HOLIDAY_NON_FIXED,Market closed (404 on all URLs),
2013-08-15,Thursday,FIXED_HOLIDAY,Independence Day,
2013-09-09,Monday,HOLIDAY_NON_FIXED,Market closed (404 on all URLs),
2013-10-02,Wednesday,FIXED_HOLIDAY,Gandhi Jayanti,
2013-10-16,Wednesday,HOLIDAY_NON_FIXED,Market closed (404 on all URLs),
2013-11-04,Monday,HOLIDAY_NON_FIXED,Market closed (404 on all URLs),
2013-11-15,Friday,HOLIDAY_NON_FIXED,Market closed (404 on all URLs),
2013-12-25,Wednesday,FIXED_HOLIDAY,Christmas,
2014-02-27,Thursday,HOLIDAY_NON_FIXED,Market closed (404 on all URLs),
2014-03-17,Monday,HOLIDAY_NON_FIXED,Market closed (404 on all URLs),
2014-04-08,Tuesday,HOLIDAY_NON_FIXED,Market closed (404 on all URLs),
2014-04-14,Monday,HOLIDAY_NON_FIXED,Market closed (404 on all URLs),
2014-04-18,Friday,HOLIDAY_NON_FIXED,Market closed (404 on all URLs),
2014-04-24,Thursday,HOLIDAY_NON_FIXED,Market closed (404 on all URLs),
2014-05-01,Thursday,FIXED_HOLIDAY,Maharashtra Day,
2014-07-29,Tuesday,HOLIDAY_NON_FIXED,Market closed (404 on all URLs),
2014-08-15,Friday,FIXED_HOLIDAY,Independence Day,
2014-08-29,Friday,HOLIDAY_NON_FIXED,Market closed (404 on all URLs),
2014-10-02,Thursday,FIXED_HOLIDAY,Gandhi Jayanti,
2014-10-03,Friday,HOLIDAY_NON_FIXED,Market closed (404 on all URLs),
2014-10-06,Monday,HOLIDAY_NON_FIXED,Market closed (404 on all URLs),
2014-10-15,Wednesday,HOLIDAY_NON_FIXED,Market closed (404 on all URLs),
2014-10-24,Friday,HOLIDAY_NON_FIXED,Market closed (404 on all URLs),
2014-11-04,Tuesday,HOLIDAY_NON_FIXED,Market closed (404 on all URLs),
2014-11-06,Thursday,HOLIDAY_NON_FIXED,Market closed (404 on all URLs),
2014-12-25,Thursday,FIXED_HOLIDAY,Christmas,
2015-01-26,Monday,FIXED_HOLIDAY,Republic Day,
2015-02-17,Tuesday,HOLIDAY_NON_FIXED,Market closed (404 on all URLs),
2015-03-06,Friday,HOLIDAY_NON_FIXED,Market closed (404 on all URLs),
2015-04-02,Thursday,HOLIDAY_NON_FIXED,Market closed (404 on all URLs),
2015-04-03,Friday,HOLIDAY_NON_FIXED,Market closed (404 on all URLs),
2015-04-14,Tuesday,HOLIDAY_NON_FIXED,Market closed (404 on all URLs),
2015-05-01,Friday,FIXED_HOLIDAY,Maharashtra Day,
2015-09-17,Thursday,HOLIDAY_NON_FIXED,Market closed (404 on all URLs),
2015-09-25,Friday,HOLIDAY_NON_FIXED,Market closed (404 on all URLs),
2015-10-02,Friday,FIXED_HOLIDAY,Gandhi Jayanti,
2015-10-22,Thursday,HOLIDAY_NON_FIXED,Market closed (404 on all URLs),
2015-11-12,Thursday,HOLIDAY_NON_FIXED,Market closed (404 on all URLs),
2015-11-25,Wednesday,HOLIDAY_NON_FIXED,Market closed (404 on all URLs),
2015-12-25,Friday,FIXED_HOLIDAY,Christmas,
2016-01-26,Tuesday,FIXED_HOLIDAY,Republic Day,
2016-03-07,Monday,HOLIDAY_NON_FIXED,Market closed (404 on all URLs),
2016-03-24,Thursday,HOLIDAY_NON_FIXED,Market closed (404 on all URLs),
2016-03-25,Friday,HOLIDAY_NON_FIXED,Market closed (404 on all URLs),
2016-04-14,Thursday,HOLIDAY_NON_FIXED,Market closed (404 on all URLs),
2016-04-15,Friday,HOLIDAY_NON_FIXED,Market closed (404 on all URLs),
2016-04-19,Tuesday,HOLIDAY_NON_FIXED,Market closed (404 on all URLs),
2016-07-06,Wednesday,HOLIDAY_NON_FIXED,Market closed (404 on all URLs),
2016-08-15,Monday,FIXED_HOLIDAY,Independence Day,
2016-09-05,Monday,HOLIDAY_NON_FIXED,Market closed (404 on all URLs),
2016-09-13,Tuesday,HOLIDAY_NON_FIXED,Market closed (404 on all URLs),
2016-10-11,Tuesday,HOLIDAY_NON_FIXED,Market closed (404 on all URLs),
2016-10-12,Wednesday,HOLIDAY_NON_FIXED,Market closed (404 on all URLs),
2016-10-31,Monday,HOLIDAY_NON_FIXED,Market closed (404 on all URLs),
2016-11-14,Monday,HOLIDAY_NON_FIXED,Market closed (404 on all URLs),
2017-01-26,Thursday,FIXED_HOLIDAY,Republic Day,
2017-02-24,Friday,HOLIDAY_NON_FIXED,Market closed (404 on all URLs),
2017-03-13,Monday,HOLIDAY_NON_FIXED,Market closed (404 on all URLs),
2017-04-04,Tuesday,HOLIDAY_NON_FIXED,Market closed (404 on all URLs),
2017-04-14,Friday,HOLIDAY_NON_FIXED,Market closed (404 on all URLs),
2017-05-01,Monday,FIXED_HOLIDAY,Maharashtra Day,
2017-06-26,Monday,HOLIDAY_NON_FIXED,Market closed (404 on all URLs),
2017-08-15,Tuesday,FIXED_HOLIDAY,Independence Day,
2017-08-25,Friday,HOLIDAY_NON_FIXED,Market closed (404 on all URLs),
2017-10-02,Monday,FIXED_HOLIDAY,Gandhi Jayanti,
2017-10-20,Friday,HOLIDAY_NON_FIXED,Market closed (404 on all URLs),
2017-12-25,Monday,FIXED_HOLIDAY,Christmas,
2018-01-26,Friday,FIXED_HOLIDAY,Republic Day,
2018-02-13,Tuesday,HOLIDAY_NON_FIXED,Market closed (404 on all URLs),
2018-03-02,Friday,HOLIDAY_NON_FIXED,Market closed (404 on all URLs),
2018-03-29,Thursday,HOLIDAY_NON_FIXED,Market closed (404 on all URLs),
2018-03-30,Friday,HOLIDAY_NON_FIXED,Market closed (404 on all URLs),
2018-05-01,Tuesday,FIXED_HOLIDAY,Maharashtra Day,
2018-08-15,Wednesday,FIXED_HOLIDAY,Independence Day,
2018-08-22,Wednesday,HOLIDAY_NON_FIXED,Market closed (404 on all URLs),
2018-09-13,Thursday,HOLIDAY_NON_FIXED,Market closed (404 on all URLs),
2018-09-20,Thursday,HOLIDAY_NON_FIXED,Market closed (404 on all URLs),
2018-10-02,Tuesday,FIXED_HOLIDAY,Gandhi Jayanti,
2018-10-18,Thursday,HOLIDAY_NON_FIXED,Market closed (404 on all URLs),
2018-11-08,Thursday,HOLIDAY_NON_FIXED,Market closed (404 on all URLs),
2018-11-23,Friday,HOLIDAY_NON_FIXED,Market closed (404 on all URLs),
2018-12-25,Tuesday,FIXED_HOLIDAY,Christmas,
2019-03-04,Monday,HOLIDAY_NON_FIXED,Market closed (404 on all URLs),
2019-03-21,Thursday,HOLIDAY_NON_FIXED,Market closed (404 on all URLs),
2019-04-17,Wednesday,HOLIDAY_NON_FIXED,Market closed (404 on all URLs),
2019-04-19,Friday,HOLIDAY_NON_FIXED,Market closed (404 on all URLs),
2019-04-29,Monday,HOLIDAY_NON_FIXED,Market closed (404 on all URLs),
2019-05-01,Wednesday,FIXED_HOLIDAY,Maharashtra Day,
2019-06-05,Wednesday,HOLIDAY_NON_FIXED,Market closed (404 on all URLs),
2019-08-12,Monday,HOLIDAY_NON_FIXED,Market closed (404 on all URLs),
2019-08-15,Thursday,FIXED_HOLIDAY,Independence Day,
2019-09-02,Monday,HOLIDAY_NON_FIXED,Market closed (404 on all URLs),
2019-09-10,Tuesday,HOLIDAY_NON_FIXED,Market closed (404 on all URLs),
2019-10-02,Wednesday,FIXED_HOLIDAY,Gandhi Jayanti,
2019-10-08,Tuesday,HOLIDAY_NON_FIXED,Market closed (NSE serves stale file),
2019-10-21,Monday,HOLIDAY_NON_FIXED,Market closed (NSE serves stale file),
2019-10-28,Monday,HOLIDAY_NON_FIXED,Market closed (NSE serves stale file),
2019-11-12,Tuesday,HOLIDAY_NON_FIXED,Market closed (NSE serves stale file),
2019-12-25,Wednesday,FIXED_HOLIDAY,Christmas,
2020-02-21,Friday,HOLIDAY_NON_FIXED,Market closed (NSE serves stale file),
2020-03-10,Tuesday,HOLIDAY_NON_FIXED,Market closed (NSE serves stale file),
2020-04-02,Thursday,HOLIDAY_NON_FIXED,Market closed (NSE serves stale file),
2020-04-06,Monday,HOLIDAY_NON_FIXED,Market closed (NSE serves stale file),
2020-04-10,Friday,HOLIDAY_NON_FIXED,Market closed (NSE serves stale file),
2020-04-14,Tuesday,HOLIDAY_NON_FIXED,Market closed (404 on all URLs),
2020-05-01,Friday,FIXED_HOLIDAY,Maharashtra Day,
2020-05-25,Monday,HOLIDAY_NON_FIXED,Market closed (NSE serves stale file),
2020-10-02,Friday,FIXED_HOLIDAY,Gandhi Jayanti,
2020-11-16,Monday,HOLIDAY_NON_FIXED,Market closed (NSE serves stale file),
2020-11-30,Monday,HOLIDAY_NON_FIXED,Market closed (NSE serves stale file),
2020-12-25,Friday,FIXED_HOLIDAY,Christmas,
2021-01-26,Tuesday,FIXED_HOLIDAY,Republic Day,
2021-03-11,Thursday,HOLIDAY_NON_FIXED,Market closed (NSE serves stale file),
2021-03-29,Monday,HOLIDAY_NON_FIXED,Market closed (NSE serves stale file),
2021-04-02,Friday,HOLIDAY_NON_FIXED,Market closed (NSE serves stale file),
2021-04-14,Wednesday,HOLIDAY_NON_FIXED,Market closed (NSE serves stale file),
2021-04-21,Wednesday,HOLIDAY_NON_FIXED,Market closed (NSE serves stale file),
2021-05-13,Thursday,HOLIDAY_NON_FIXED,Market closed (NSE serves stale file),
2021-07-21,Wednesday,HOLIDAY_NON_FIXED,Market closed (NSE serves stale file),
2021-08-19,Thursday,HOLIDAY_NON_FIXED,Market closed (NSE serves stale file),
2021-09-10,Friday,HOLIDAY_NON_FIXED,Market closed (NSE serves stale file),
2021-10-15,Friday,HOLIDAY_NON_FIXED,Market closed (NSE serves stale file),
2021-11-05,Friday,HOLIDAY_NON_FIXED,Market closed (NSE serves stale file),
2021-11-19,Friday,HOLIDAY_NON_FIXED,Market closed (NSE serves stale file),
2022-01-26,Wednesday,FIXED_HOLIDAY,Republic Day,
2022-03-01,Tuesday,HOLIDAY_NON_FIXED,Market closed (NSE serves stale file),
2022-03-18,Friday,HOLIDAY_NON_FIXED,Market closed (NSE serves stale file),
2022-04-14,Thursday,HOLIDAY_NON_FIXED,Market closed (NSE serves stale file),
2022-04-15,Friday,HOLIDAY_NON_FIXED,Market closed (NSE serves stale file),
2022-05-03,Tuesday,HOLIDAY_NON_FIXED,Market closed (NSE serves stale file),
2022-08-09,Tuesday,HOLIDAY_NON_FIXED,Market closed (404 on all URLs),
2022-08-15,Monday,FIXED_HOLIDAY,Independence Day,
2022-08-31,Wednesday,HOLIDAY_NON_FIXED,Market closed (NSE serves stale file),
2022-10-05,Wednesday,HOLIDAY_NON_FIXED,Market closed (NSE serves stale file),
2022-10-26,Wednesday,HOLIDAY_NON_FIXED,Market closed (NSE serves stale file),
2022-11-08,Tuesday,HOLIDAY_NON_FIXED,Market closed (NSE serves stale file),
2023-01-26,Thursday,FIXED_HOLIDAY,Republic Day,
2023-03-07,Tuesday,HOLIDAY_NON_FIXED,Market closed (NSE serves stale file),
2023-03-30,Thursday,HOLIDAY_NON_FIXED,Market closed (NSE serves stale file),
2023-04-04,Tuesday,HOLIDAY_NON_FIXED,Market closed (NSE serves stale file),
2023-04-07,Friday,HOLIDAY_NON_FIXED,Market closed (NSE serves stale file),
2023-04-14,Friday,HOLIDAY_NON_FIXED,Market closed (NSE serves stale file),
2023-05-01,Monday,FIXED_HOLIDAY,Maharashtra Day,
2023-06-29,Thursday,HOLIDAY_NON_FIXED,Market closed (NSE serves stale file),
2023-08-15,Tuesday,FIXED_HOLIDAY,Independence Day,
2023-09-19,Tuesday,HOLIDAY_NON_FIXED,Market closed (NSE serves stale file),
2023-10-02,Monday,FIXED_HOLIDAY,Gandhi Jayanti,
2023-10-24,Tuesday,HOLIDAY_NON_FIXED,Market closed (NSE serves stale file),
2023-11-14,Tuesday,HOLIDAY_NON_FIXED,Market closed (NSE serves stale file),
2023-11-27,Monday,HOLIDAY_NON_FIXED,Market closed (NSE serves stale file),
2023-12-25,Monday,FIXED_HOLIDAY,Christmas,
2024-01-22,Monday,HOLIDAY_NON_FIXED,Market closed (NSE serves stale file),
2024-01-26,Friday,FIXED_HOLIDAY,Republic Day,
2024-03-08,Friday,HOLIDAY_NON_FIXED,Market closed (NSE serves stale file),
2024-03-25,Monday,HOLIDAY_NON_FIXED,Market closed (NSE serves stale file),
2024-03-29,Friday,HOLIDAY_NON_FIXED,Market closed (NSE serves stale file),
2024-04-11,Thursday,HOLIDAY_NON_FIXED,Market closed (NSE serves stale file),
2024-04-17,Wednesday,HOLIDAY_NON_FIXED,Market closed (NSE serves stale file),
2024-05-01,Wednesday,FIXED_HOLIDAY,Maharashtra Day,
2024-05-20,Monday,HOLIDAY_NON_FIXED,Market closed (NSE serves stale file),
2024-06-17,Monday,HOLIDAY_NON_FIXED,Market closed (NSE serves stale file),
2024-07-17,Wednesday,HOLIDAY_NON_FIXED,Market closed (NSE serves stale file),
2024-08-15,Thursday,FIXED_HOLIDAY,Independence Day,
2024-10-02,Wednesday,FIXED_HOLIDAY,Gandhi Jayanti,
2024-11-15,Friday,HOLIDAY_NON_FIXED,Market closed (404 on all URLs),
2024-11-20,Wednesday,HOLIDAY_NON_FIXED,Market closed (NSE serves stale file),
2024-12-25,Wednesday,FIXED_HOLIDAY,Christmas,
2025-02-26,Wednesday,HOLIDAY_NON_FIXED,Market closed (404 on all URLs),
2025-03-14,Friday,HOLIDAY_NON_FIXED,Market closed (404 on all URLs),
2025-03-31,Monday,HOLIDAY_NON_FIXED,Market closed (404 on all URLs),
2025-04-10,Thursday,HOLIDAY_NON_FIXED,Market closed (404 on all URLs),
2025-04-14,Monday,HOLIDAY_NON_FIXED,Market closed (404 on all URLs),
2025-04-18,Friday,HOLIDAY_NON_FIXED,Market closed (404 on all URLs),
2025-05-01,Thursday,FIXED_HOLIDAY,Maharashtra Day,
2025-08-15,Friday,FIXED_HOLIDAY,Independence Day,
2025-08-27,Wednesday,HOLIDAY_NON_FIXED,Market closed (404 on all URLs),
2025-10-02,Thursday,FIXED_HOLIDAY,Gandhi Jayanti,
2025-10-22,Wednesday,HOLIDAY_NON_FIXED,Market closed (NSE serves stale file),
2025-11-05,Wednesday,HOLIDAY_NON_FIXED,Market closed (NSE serves stale file),
2025-12-25,Thursday,FIXED_HOLIDAY,Christmas,
2026-01-15,Thursday,HOLIDAY_NON_FIXED,Market closed (NSE serves stale file),
2026-01-26,Monday,FIXED_HOLIDAY,Republic Day,
2026-03-03,Tuesday,HOLIDAY_NON_FIXED,Market closed (NSE serves stale file),
2026-03-26,Thursday,HOLIDAY_NON_FIXED,Market closed (NSE serves stale file),
2026-03-31,Tuesday,HOLIDAY_NON_FIXED,Market closed (NSE serves stale file),
2026-04-03,Friday,HOLIDAY_NON_FIXED,Market closed (NSE serves stale file),
2026-04-14,Tuesday,HOLIDAY_NON_FIXED,Market closed (NSE serves stale file),
2026-05-01,Friday,FIXED_HOLIDAY,Maharashtra Day,
2026-05-28,Thursday,HOLIDAY_NON_FIXED,Market closed (NSE serves stale file),
2026-06-26,Friday,HOLIDAY_NON_FIXED,Market closed (NSE serves stale file),
2026-09-14,Monday,HOLIDAY_NON_FIXED,Market closed (NSE serves stale file),
2026-09-21,Monday,NETWORK_ERROR,,"Recent date (1d old) — will retry. new: all_DATE1_NaT (samples=[' 21-Sep-2026', ' 21-Sep-2026', ' 21-Sep-2026']) | old: http_404"
