date,tickers
2013-04-30,"ADANIENSOL,ADANIENT,ADANIGREEN,AMBUJACEM,BAJAJHLDNG,BANDHANBNK,BANKBARODA,BHEL,BIOCON,BOSCHLTD,CHOLAFIN,DABUR,DIVISLAB,DLF,DMART,ETERNAL,GAIL,GLAND,GODREJCP,HAVELLS,ICICIGI,ICICIPRULI,INDIGO,IOC,JSWENERGY,JUBLFOOD,LODHA,LTM,LUPIN,MINDTREE,MUTHOOTFIN,NAUKRI,NHPC,NMDC,PAYTM,PEL,PGHH,PIDILITIND,PIIND,PNB,SAIL,SHRIRAMFIN,SIEMENS,TORNTPHARM,TVSMOTOR,UNIONBANK,UNITDSPR,VEDL,ZYDUSLIFE"
2013-05-31,"ADANIENSOL,ADANIENT,ADANIGREEN,AMBUJACEM,BAJAJHLDNG,BANDHANBNK,BANKBARODA,BHEL,BIOCON,BOSCHLTD,CHOLAFIN,DABUR,DIVISLAB,DLF,DMART,ETERNAL,GAIL,GLAND,GODREJCP,HAVELLS,ICICIGI,ICICIPRULI,INDIGO,IOC,JSWENERGY,JUBLFOOD,LODHA,LTM,LUPIN,MINDTREE,MUTHOOTFIN,NAUKRI,NHPC,NMDC,PAYTM,PEL,PGHH,PIDILITIND,PIIND,PNB,SAIL,SHRIRAMFIN,SIEMENS,TORNTPHARM,TVSMOTOR,UNIONBANK,UNITDSPR,VEDL,ZYDUSLIFE"
2013-06-30,"ADANIENSOL,ADANIENT,ADANIGREEN,AMBUJACEM,BAJAJHLDNG,BANDHANBNK,BANKBARODA,BHEL,BIOCON,BOSCHLTD,CHOLAFIN,DABUR,DIVISLAB,DLF,DMART,ETERNAL,GAIL,GLAND,GODREJCP,HAVELLS,ICICIGI,ICICIPRULI,INDIGO,IOC,JSWENERGY,JUBLFOOD,LODHA,LTM,LUPIN,MINDTREE,MUTHOOTFIN,NAUKRI,NHPC,NMDC,PAYTM,PEL,PGHH,PIDILITIND,PIIND,PNB,SAIL,SHRIRAMFIN,SIEMENS,TORNTPHARM,TVSMOTOR,UNIONBANK,UNITDSPR,VEDL,ZYDUSLIFE"
2013-07-31,"ADANIENSOL,ADANIENT,ADANIGREEN,AMBUJACEM,BAJAJHLDNG,BANDHANBNK,BANKBARODA,BHEL,BIOCON,BOSCHLTD,CHOLAFIN,DABUR,DIVISLAB,DLF,DMART,ETERNAL,GAIL,GLAND,GODREJCP,HAVELLS,ICICIGI,ICICIPRULI,INDIGO,IOC,JSWENERGY,JUBLFOOD,LODHA,LTM,LUPIN,MINDTREE,MUTHOOTFIN,NAUKRI,NHPC,NMDC,PAYTM,PEL,PGHH,PIDILITIND,PIIND,PNB,SAIL,SHRIRAMFIN,SIEMENS,TORNTPHARM,TVSMOTOR,UNIONBANK,UNITDSPR,VEDL,ZYDUSLIFE"
2013-08-31,"ADANIENSOL,ADANIENT,ADANIGREEN,AMBUJACEM,BAJAJHLDNG,BANDHANBNK,BANKBARODA,BHEL,BIOCON,BOSCHLTD,CHOLAFIN,DABUR,DIVISLAB,DLF,DMART,ETERNAL,GAIL,GLAND,GODREJCP,HAVELLS,ICICIGI,ICICIPRULI,INDIGO,IOC,JSWENERGY,JUBLFOOD,LODHA,LTM,LUPIN,MINDTREE,MUTHOOTFIN,NAUKRI,NHPC,NMDC,PAYTM,PEL,PGHH,PIDILITIND,PIIND,PNB,SAIL,SHRIRAMFIN,SIEMENS,TORNTPHARM,TVSMOTOR,UNIONBANK,UNITDSPR,VEDL,ZYDUSLIFE"
2013-09-30,"ADANIENSOL,ADANIENT,ADANIGREEN,AMBUJACEM,BAJAJHLDNG,BANDHANBNK,BANKBARODA,BHEL,BIOCON,BOSCHLTD,CHOLAFIN,DABUR,DIVISLAB,DLF,DMART,ETERNAL,GAIL,GLAND,GODREJCP,HAVELLS,ICICIGI,ICICIPRULI,INDIGO,IOC,JSWENERGY,JUBLFOOD,LODHA,LTM,LUPIN,MINDTREE,MUTHOOTFIN,NAUKRI,NHPC,NMDC,PAYTM,PEL,PGHH,PIDILITIND,PIIND,PNB,SAIL,SHRIRAMFIN,SIEMENS,TORNTPHARM,TVSMOTOR,UNIONBANK,UNITDSPR,VEDL,ZYDUSLIFE"
2013-10-31,"ADANIENSOL,ADANIENT,ADANIGREEN,AMBUJACEM,BAJAJHLDNG,BANDHANBNK,BANKBARODA,BHEL,BIOCON,BOSCHLTD,CHOLAFIN,DABUR,DIVISLAB,DLF,DMART,ETERNAL,GAIL,GLAND,GODREJCP,HAVELLS,ICICIGI,ICICIPRULI,INDIGO,IOC,JSWENERGY,JUBLFOOD,LODHA,LTM,LUPIN,MINDTREE,MUTHOOTFIN,NAUKRI,NHPC,NMDC,PAYTM,PEL,PGHH,PIDILITIND,PIIND,PNB,SAIL,SHRIRAMFIN,SIEMENS,TORNTPHARM,TVSMOTOR,UNIONBANK,UNITDSPR,VEDL,ZYDUSLIFE"
2013-11-30,"ADANIENSOL,ADANIENT,ADANIGREEN,AMBUJACEM,BAJAJHLDNG,BANDHANBNK,BANKBARODA,BHEL,BIOCON,BOSCHLTD,CHOLAFIN,DABUR,DIVISLAB,DLF,DMART,ETERNAL,GAIL,GLAND,GODREJCP,HAVELLS,ICICIGI,ICICIPRULI,INDIGO,IOC,JSWENERGY,JUBLFOOD,LODHA,LTM,LUPIN,MINDTREE,MUTHOOTFIN,NAUKRI,NHPC,NMDC,PAYTM,PEL,PGHH,PIDILITIND,PIIND,PNB,SAIL,SHRIRAMFIN,SIEMENS,TORNTPHARM,TVSMOTOR,UNIONBANK,UNITDSPR,VEDL,ZYDUSLIFE"
2013-12-31,"ADANIENSOL,ADANIENT,ADANIGREEN,AMBUJACEM,BAJAJHLDNG,BANDHANBNK,BANKBARODA,BHEL,BIOCON,BOSCHLTD,CHOLAFIN,DABUR,DIVISLAB,DLF,DMART,ETERNAL,GAIL,GLAND,GODREJCP,HAVELLS,ICICIGI,ICICIPRULI,INDIGO,IOC,JSWENERGY,JUBLFOOD,LODHA,LTM,LUPIN,MINDTREE,MUTHOOTFIN,NAUKRI,NHPC,NMDC,PAYTM,PEL,PGHH,PIDILITIND,PIIND,PNB,SAIL,SHRIRAMFIN,SIEMENS,TORNTPHARM,TVSMOTOR,UNIONBANK,UNITDSPR,VEDL,ZYDUSLIFE"
2014-01-31,"ADANIENSOL,ADANIENT,ADANIGREEN,AMBUJACEM,BAJAJHLDNG,BANDHANBNK,BANKBARODA,BHEL,BIOCON,BOSCHLTD,CHOLAFIN,DABUR,DIVISLAB,DLF,DMART,ETERNAL,GAIL,GLAND,GODREJCP,HAVELLS,ICICIGI,ICICIPRULI,INDIGO,IOC,JSWENERGY,JUBLFOOD,LODHA,LTM,LUPIN,MINDTREE,MUTHOOTFIN,NAUKRI,NHPC,NMDC,PAYTM,PEL,PGHH,PIDILITIND,PIIND,PNB,SAIL,SHRIRAMFIN,SIEMENS,TORNTPHARM,TVSMOTOR,UNIONBANK,UNITDSPR,VEDL,ZYDUSLIFE"
2014-02-28,"ADANIENSOL,ADANIENT,ADANIGREEN,AMBUJACEM,BAJAJHLDNG,BANDHANBNK,BANKBARODA,BHEL,BIOCON,BOSCHLTD,CHOLAFIN,DABUR,DIVISLAB,DLF,DMART,ETERNAL,GAIL,GLAND,GODREJCP,HAVELLS,ICICIGI,ICICIPRULI,INDIGO,IOC,JSWENERGY,JUBLFOOD,LODHA,LTM,LUPIN,MINDTREE,MUTHOOTFIN,NAUKRI,NHPC,NMDC,PAYTM,PEL,PGHH,PIDILITIND,PIIND,PNB,SAIL,SHRIRAMFIN,SIEMENS,TORNTPHARM,TVSMOTOR,UNIONBANK,UNITDSPR,VEDL,ZYDUSLIFE"
2014-03-31,"ADANIENSOL,ADANIENT,ADANIGREEN,AMBUJACEM,BAJAJHLDNG,BANDHANBNK,BANKBARODA,BHEL,BIOCON,BOSCHLTD,CHOLAFIN,DABUR,DIVISLAB,DLF,DMART,ETERNAL,GAIL,GLAND,GODREJCP,HAVELLS,ICICIGI,ICICIPRULI,INDIGO,IOC,JSWENERGY,JUBLFOOD,LODHA,LTM,LUPIN,MINDTREE,MUTHOOTFIN,NAUKRI,NHPC,NMDC,PAYTM,PEL,PGHH,PIDILITIND,PIIND,PNB,SAIL,SHRIRAMFIN,SIEMENS,TORNTPHARM,TVSMOTOR,UNIONBANK,UNITDSPR,VEDL,ZYDUSLIFE"
2014-04-30,"ADANIENSOL,ADANIENT,ADANIGREEN,AMBUJACEM,BAJAJHLDNG,BANDHANBNK,BANKBARODA,BHEL,BIOCON,BOSCHLTD,CHOLAFIN,DABUR,DIVISLAB,DLF,DMART,ETERNAL,GAIL,GLAND,GODREJCP,HAVELLS,ICICIGI,ICICIPRULI,INDIGO,IOC,JSWENERGY,JUBLFOOD,LODHA,LTM,LUPIN,MINDTREE,MUTHOOTFIN,NAUKRI,NHPC,NMDC,PAYTM,PEL,PGHH,PIDILITIND,PIIND,PNB,SAIL,SHRIRAMFIN,SIEMENS,TORNTPHARM,TVSMOTOR,UNIONBANK,UNITDSPR,VEDL,ZYDUSLIFE"
2014-05-31,"ADANIENSOL,ADANIENT,ADANIGREEN,AMBUJACEM,BAJAJHLDNG,BANDHANBNK,BANKBARODA,BHEL,BIOCON,BOSCHLTD,CHOLAFIN,DABUR,DIVISLAB,DLF,DMART,ETERNAL,GAIL,GLAND,GODREJCP,HAVELLS,ICICIGI,ICICIPRULI,INDIGO,IOC,JSWENERGY,JUBLFOOD,LODHA,LTM,LUPIN,MINDTREE,MUTHOOTFIN,NAUKRI,NHPC,NMDC,PAYTM,PEL,PGHH,PIDILITIND,PIIND,PNB,SAIL,SHRIRAMFIN,SIEMENS,TORNTPHARM,TVSMOTOR,UNIONBANK,UNITDSPR,VEDL,ZYDUSLIFE"
2014-06-30,"ADANIENSOL,ADANIENT,ADANIGREEN,AMBUJACEM,BAJAJHLDNG,BANDHANBNK,BANKBARODA,BHEL,BIOCON,BOSCHLTD,CHOLAFIN,DABUR,DIVISLAB,DLF,DMART,ETERNAL,GAIL,GLAND,GODREJCP,HAVELLS,ICICIGI,ICICIPRULI,INDIGO,IOC,JSWENERGY,JUBLFOOD,LODHA,LTM,LUPIN,MINDTREE,MUTHOOTFIN,NAUKRI,NHPC,NMDC,PAYTM,PEL,PGHH,PIDILITIND,PIIND,PNB,SAIL,SHRIRAMFIN,SIEMENS,TORNTPHARM,TVSMOTOR,UNIONBANK,UNITDSPR,VEDL,ZYDUSLIFE"
2014-07-31,"ADANIENSOL,ADANIENT,ADANIGREEN,AMBUJACEM,BAJAJHLDNG,BANDHANBNK,BANKBARODA,BHEL,BIOCON,BOSCHLTD,CHOLAFIN,DABUR,DIVISLAB,DLF,DMART,ETERNAL,GAIL,GLAND,GODREJCP,HAVELLS,ICICIGI,ICICIPRULI,INDIGO,IOC,JSWENERGY,JUBLFOOD,LODHA,LTM,LUPIN,MINDTREE,MUTHOOTFIN,NAUKRI,NHPC,NMDC,PAYTM,PEL,PGHH,PIDILITIND,PIIND,PNB,SAIL,SHRIRAMFIN,SIEMENS,TORNTPHARM,TVSMOTOR,UNIONBANK,UNITDSPR,VEDL,ZYDUSLIFE"
2014-08-31,"ADANIENSOL,ADANIENT,ADANIGREEN,AMBUJACEM,BAJAJHLDNG,BANDHANBNK,BANKBARODA,BHEL,BIOCON,BOSCHLTD,CHOLAFIN,DABUR,DIVISLAB,DLF,DMART,ETERNAL,GAIL,GLAND,GODREJCP,HAVELLS,ICICIGI,ICICIPRULI,INDIGO,IOC,JSWENERGY,JUBLFOOD,LODHA,LTM,LUPIN,MINDTREE,MUTHOOTFIN,NAUKRI,NHPC,NMDC,PAYTM,PEL,PGHH,PIDILITIND,PIIND,PNB,SAIL,SHRIRAMFIN,SIEMENS,TORNTPHARM,TVSMOTOR,UNIONBANK,UNITDSPR,VEDL,ZYDUSLIFE"
2014-09-30,"ADANIENSOL,ADANIENT,ADANIGREEN,AMBUJACEM,BAJAJHLDNG,BANDHANBNK,BANKBARODA,BHEL,BIOCON,BOSCHLTD,CHOLAFIN,DABUR,DIVISLAB,DLF,DMART,ETERNAL,GAIL,GLAND,GODREJCP,HAVELLS,ICICIGI,ICICIPRULI,INDIGO,IOC,JSWENERGY,JUBLFOOD,LODHA,LTM,LUPIN,MINDTREE,MUTHOOTFIN,NAUKRI,NHPC,NMDC,PAYTM,PEL,PGHH,PIDILITIND,PIIND,PNB,SAIL,SHRIRAMFIN,SIEMENS,TORNTPHARM,TVSMOTOR,UNIONBANK,UNITDSPR,VEDL,ZYDUSLIFE"
2014-10-31,"ADANIENSOL,ADANIENT,ADANIGREEN,AMBUJACEM,BAJAJHLDNG,BANDHANBNK,BANKBARODA,BHEL,BIOCON,BOSCHLTD,CHOLAFIN,DABUR,DIVISLAB,DLF,DMART,ETERNAL,GAIL,GLAND,GODREJCP,HAVELLS,ICICIGI,ICICIPRULI,INDIGO,IOC,JSWENERGY,JUBLFOOD,LODHA,LTM,LUPIN,MINDTREE,MUTHOOTFIN,NAUKRI,NHPC,NMDC,PAYTM,PEL,PGHH,PIDILITIND,PIIND,PNB,SAIL,SHRIRAMFIN,SIEMENS,TORNTPHARM,TVSMOTOR,UNIONBANK,UNITDSPR,VEDL,ZYDUSLIFE"
2014-11-30,"ADANIENSOL,ADANIENT,ADANIGREEN,AMBUJACEM,BAJAJHLDNG,BANDHANBNK,BANKBARODA,BHEL,BIOCON,BOSCHLTD,CHOLAFIN,DABUR,DIVISLAB,DLF,DMART,ETERNAL,GAIL,GLAND,GODREJCP,HAVELLS,ICICIGI,ICICIPRULI,INDIGO,IOC,JSWENERGY,JUBLFOOD,LODHA,LTM,LUPIN,MINDTREE,MUTHOOTFIN,NAUKRI,NHPC,NMDC,PAYTM,PEL,PGHH,PIDILITIND,PIIND,PNB,SAIL,SHRIRAMFIN,SIEMENS,TORNTPHARM,TVSMOTOR,UNIONBANK,UNITDSPR,VEDL,ZYDUSLIFE"
2014-12-31,"ADANIENSOL,ADANIENT,ADANIGREEN,AMBUJACEM,BAJAJHLDNG,BANDHANBNK,BANKBARODA,BHEL,BIOCON,BOSCHLTD,CHOLAFIN,DABUR,DIVISLAB,DLF,DMART,ETERNAL,GAIL,GLAND,GODREJCP,HAVELLS,ICICIGI,ICICIPRULI,INDIGO,IOC,JSWENERGY,JUBLFOOD,LODHA,LTM,LUPIN,MINDTREE,MUTHOOTFIN,NAUKRI,NHPC,NMDC,PAYTM,PEL,PGHH,PIDILITIND,PIIND,PNB,SAIL,SHRIRAMFIN,SIEMENS,TORNTPHARM,TVSMOTOR,UNIONBANK,UNITDSPR,VEDL,ZYDUSLIFE"
2015-01-31,"ADANIENSOL,ADANIENT,ADANIGREEN,AMBUJACEM,BAJAJHLDNG,BANDHANBNK,BANKBARODA,BHEL,BIOCON,BOSCHLTD,CHOLAFIN,DABUR,DIVISLAB,DLF,DMART,ETERNAL,GAIL,GLAND,GODREJCP,HAVELLS,ICICIGI,ICICIPRULI,INDIGO,IOC,JSWENERGY,JUBLFOOD,LODHA,LTM,LUPIN,MINDTREE,MUTHOOTFIN,NAUKRI,NHPC,NMDC,PAYTM,PEL,PGHH,PIDILITIND,PIIND,PNB,SAIL,SHRIRAMFIN,SIEMENS,TORNTPHARM,TVSMOTOR,UNIONBANK,UNITDSPR,VEDL,ZYDUSLIFE"
2015-02-28,"ADANIENSOL,ADANIENT,ADANIGREEN,AMBUJACEM,BAJAJHLDNG,BANDHANBNK,BANKBARODA,BHEL,BIOCON,BOSCHLTD,CHOLAFIN,DABUR,DIVISLAB,DLF,DMART,ETERNAL,GAIL,GLAND,GODREJCP,HAVELLS,ICICIGI,ICICIPRULI,INDIGO,IOC,JSWENERGY,JUBLFOOD,LODHA,LTM,LUPIN,MINDTREE,MUTHOOTFIN,NAUKRI,NHPC,NMDC,PAYTM,PEL,PGHH,PIDILITIND,PIIND,PNB,SAIL,SHRIRAMFIN,SIEMENS,TORNTPHARM,TVSMOTOR,UNIONBANK,UNITDSPR,VEDL,ZYDUSLIFE"
2015-03-31,"ADANIENSOL,ADANIENT,ADANIGREEN,AMBUJACEM,BAJAJHLDNG,BANDHANBNK,BANKBARODA,BHEL,BIOCON,BOSCHLTD,CHOLAFIN,DABUR,DIVISLAB,DLF,DMART,ETERNAL,GAIL,GLAND,GODREJCP,HAVELLS,ICICIGI,ICICIPRULI,INDIGO,IOC,JSWENERGY,JUBLFOOD,LODHA,LTM,LUPIN,MINDTREE,MUTHOOTFIN,NAUKRI,NHPC,NMDC,PAYTM,PEL,PGHH,PIDILITIND,PIIND,PNB,SAIL,SHRIRAMFIN,SIEMENS,TORNTPHARM,TVSMOTOR,UNIONBANK,UNITDSPR,VEDL,ZYDUSLIFE"
2015-04-30,"ADANIENSOL,ADANIENT,ADANIGREEN,AMBUJACEM,BAJAJHLDNG,BANDHANBNK,BANKBARODA,BHEL,BIOCON,BOSCHLTD,CHOLAFIN,DABUR,DIVISLAB,DLF,DMART,ETERNAL,GAIL,GLAND,GODREJCP,HAVELLS,ICICIGI,ICICIPRULI,INDIGO,IOC,JSWENERGY,JUBLFOOD,LODHA,LTM,LUPIN,MINDTREE,MUTHOOTFIN,NAUKRI,NHPC,NMDC,PAYTM,PEL,PGHH,PIDILITIND,PIIND,PNB,SAIL,SHRIRAMFIN,SIEMENS,TORNTPHARM,TVSMOTOR,UNIONBANK,UNITDSPR,VEDL,ZYDUSLIFE"
2015-05-31,"ADANIENSOL,ADANIENT,ADANIGREEN,AMBUJACEM,BAJAJHLDNG,BANDHANBNK,BANKBARODA,BHEL,BIOCON,BOSCHLTD,CHOLAFIN,DABUR,DIVISLAB,DLF,DMART,ETERNAL,GAIL,GLAND,GODREJCP,HAVELLS,ICICIGI,ICICIPRULI,INDIGO,IOC,JSWENERGY,JUBLFOOD,LODHA,LTM,LUPIN,MINDTREE,MUTHOOTFIN,NAUKRI,NHPC,NMDC,PAYTM,PEL,PGHH,PIDILITIND,PIIND,PNB,SAIL,SHRIRAMFIN,SIEMENS,TORNTPHARM,TVSMOTOR,UNIONBANK,UNITDSPR,VEDL,ZYDUSLIFE"
2015-06-30,"ADANIENSOL,ADANIENT,ADANIGREEN,AMBUJACEM,BAJAJHLDNG,BANDHANBNK,BANKBARODA,BHEL,BIOCON,BOSCHLTD,CHOLAFIN,DABUR,DIVISLAB,DLF,DMART,ETERNAL,GAIL,GLAND,GODREJCP,HAVELLS,ICICIGI,ICICIPRULI,INDIGO,IOC,JSWENERGY,JUBLFOOD,LODHA,LTM,LUPIN,MINDTREE,MUTHOOTFIN,NAUKRI,NHPC,NMDC,PAYTM,PEL,PGHH,PIDILITIND,PIIND,PNB,SAIL,SHRIRAMFIN,SIEMENS,TORNTPHARM,TVSMOTOR,UNIONBANK,UNITDSPR,VEDL,ZYDUSLIFE"
2015-07-31,"ADANIENSOL,ADANIENT,ADANIGREEN,AMBUJACEM,BAJAJHLDNG,BANDHANBNK,BANKBARODA,BHEL,BIOCON,BOSCHLTD,CHOLAFIN,DABUR,DIVISLAB,DLF,DMART,ETERNAL,GAIL,GLAND,GODREJCP,HAVELLS,ICICIGI,ICICIPRULI,INDIGO,IOC,JSWENERGY,JUBLFOOD,LODHA,LTM,LUPIN,MINDTREE,MUTHOOTFIN,NAUKRI,NHPC,NMDC,PAYTM,PEL,PGHH,PIDILITIND,PIIND,PNB,SAIL,SHRIRAMFIN,SIEMENS,TORNTPHARM,TVSMOTOR,UNIONBANK,UNITDSPR,VEDL,ZYDUSLIFE"
2015-08-31,"ADANIENSOL,ADANIENT,ADANIGREEN,AMBUJACEM,BAJAJHLDNG,BANDHANBNK,BANKBARODA,BHEL,BIOCON,BOSCHLTD,CHOLAFIN,DABUR,DIVISLAB,DLF,DMART,ETERNAL,GAIL,GLAND,GODREJCP,HAVELLS,ICICIGI,ICICIPRULI,INDIGO,IOC,JSWENERGY,JUBLFOOD,LODHA,LTM,LUPIN,MINDTREE,MUTHOOTFIN,NAUKRI,NHPC,NMDC,PAYTM,PEL,PGHH,PIDILITIND,PIIND,PNB,SAIL,SHRIRAMFIN,SIEMENS,TORNTPHARM,TVSMOTOR,UNIONBANK,UNITDSPR,VEDL,ZYDUSLIFE"
2015-09-30,"ADANIENSOL,ADANIENT,ADANIGREEN,AMBUJACEM,BAJAJHLDNG,BANDHANBNK,BANKBARODA,BHEL,BIOCON,BOSCHLTD,CHOLAFIN,DABUR,DIVISLAB,DLF,DMART,ETERNAL,GAIL,GLAND,GODREJCP,HAVELLS,ICICIGI,ICICIPRULI,INDIGO,IOC,JSWENERGY,JUBLFOOD,LODHA,LTM,LUPIN,MINDTREE,MUTHOOTFIN,NAUKRI,NHPC,NMDC,PAYTM,PEL,PGHH,PIDILITIND,PIIND,PNB,SAIL,SHRIRAMFIN,SIEMENS,TORNTPHARM,TVSMOTOR,UNIONBANK,UNITDSPR,VEDL,ZYDUSLIFE"
2015-10-31,"ADANIENSOL,ADANIENT,ADANIGREEN,AMBUJACEM,BAJAJHLDNG,BANDHANBNK,BANKBARODA,BHEL,BIOCON,BOSCHLTD,CHOLAFIN,DABUR,DIVISLAB,DLF,DMART,ETERNAL,GAIL,GLAND,GODREJCP,HAVELLS,ICICIGI,ICICIPRULI,INDIGO,IOC,JSWENERGY,JUBLFOOD,LODHA,LTM,LUPIN,MINDTREE,MUTHOOTFIN,NAUKRI,NHPC,NMDC,PAYTM,PEL,PGHH,PIDILITIND,PIIND,PNB,SAIL,SHRIRAMFIN,SIEMENS,TORNTPHARM,TVSMOTOR,UNIONBANK,UNITDSPR,VEDL,ZYDUSLIFE"
2015-11-30,"ADANIENSOL,ADANIENT,ADANIGREEN,AMBUJACEM,BAJAJHLDNG,BANDHANBNK,BANKBARODA,BHEL,BIOCON,BOSCHLTD,CHOLAFIN,DABUR,DIVISLAB,DLF,DMART,ETERNAL,GAIL,GLAND,GODREJCP,HAVELLS,ICICIGI,ICICIPRULI,INDIGO,IOC,JSWENERGY,JUBLFOOD,LODHA,LTM,LUPIN,MINDTREE,MUTHOOTFIN,NAUKRI,NHPC,NMDC,PAYTM,PEL,PGHH,PIDILITIND,PIIND,PNB,SAIL,SHRIRAMFIN,SIEMENS,TORNTPHARM,TVSMOTOR,UNIONBANK,UNITDSPR,VEDL,ZYDUSLIFE"
2015-12-31,"ADANIENSOL,ADANIENT,ADANIGREEN,AMBUJACEM,BAJAJHLDNG,BANDHANBNK,BANKBARODA,BHEL,BIOCON,BOSCHLTD,CHOLAFIN,DABUR,DIVISLAB,DLF,DMART,ETERNAL,GAIL,GLAND,GODREJCP,HAVELLS,ICICIGI,ICICIPRULI,INDIGO,IOC,JSWENERGY,JUBLFOOD,LODHA,LTM,LUPIN,MINDTREE,MUTHOOTFIN,NAUKRI,NHPC,NMDC,PAYTM,PEL,PGHH,PIDILITIND,PIIND,PNB,SAIL,SHRIRAMFIN,SIEMENS,TORNTPHARM,TVSMOTOR,UNIONBANK,UNITDSPR,VEDL,ZYDUSLIFE"
2016-01-31,"ADANIENSOL,ADANIENT,ADANIGREEN,AMBUJACEM,BAJAJHLDNG,BANDHANBNK,BANKBARODA,BHEL,BIOCON,BOSCHLTD,CHOLAFIN,DABUR,DIVISLAB,DLF,DMART,ETERNAL,GAIL,GLAND,GODREJCP,HAVELLS,ICICIGI,ICICIPRULI,INDIGO,IOC,JSWENERGY,JUBLFOOD,LODHA,LTM,LUPIN,MINDTREE,MUTHOOTFIN,NAUKRI,NHPC,NMDC,PAYTM,PEL,PGHH,PIDILITIND,PIIND,PNB,SAIL,SHRIRAMFIN,SIEMENS,TORNTPHARM,TVSMOTOR,UNIONBANK,UNITDSPR,VEDL,ZYDUSLIFE"
2016-02-29,"ADANIENSOL,ADANIENT,ADANIGREEN,AMBUJACEM,BAJAJHLDNG,BANDHANBNK,BANKBARODA,BHEL,BIOCON,BOSCHLTD,CHOLAFIN,DABUR,DIVISLAB,DLF,DMART,ETERNAL,GAIL,GLAND,GODREJCP,HAVELLS,ICICIGI,ICICIPRULI,INDIGO,IOC,JSWENERGY,JUBLFOOD,LODHA,LTM,LUPIN,MINDTREE,MUTHOOTFIN,NAUKRI,NHPC,NMDC,PAYTM,PEL,PGHH,PIDILITIND,PIIND,PNB,SAIL,SHRIRAMFIN,SIEMENS,TORNTPHARM,TVSMOTOR,UNIONBANK,UNITDSPR,VEDL,ZYDUSLIFE"
2016-03-31,"ADANIENSOL,ADANIENT,ADANIGREEN,AMBUJACEM,BAJAJHLDNG,BANDHANBNK,BANKBARODA,BHEL,BIOCON,BOSCHLTD,CHOLAFIN,DABUR,DIVISLAB,DLF,DMART,ETERNAL,GAIL,GLAND,GODREJCP,HAVELLS,ICICIGI,ICICIPRULI,INDIGO,IOC,JSWENERGY,JUBLFOOD,LODHA,LTM,LUPIN,MINDTREE,MUTHOOTFIN,NAUKRI,NHPC,NMDC,PAYTM,PEL,PGHH,PIDILITIND,PIIND,PNB,SAIL,SHRIRAMFIN,SIEMENS,TORNTPHARM,TVSMOTOR,UNIONBANK,UNITDSPR,VEDL,ZYDUSLIFE"
2016-04-30,"ADANIENSOL,ADANIENT,ADANIGREEN,AMBUJACEM,BAJAJHLDNG,BANDHANBNK,BANKBARODA,BHEL,BIOCON,BOSCHLTD,CHOLAFIN,DABUR,DIVISLAB,DLF,DMART,ETERNAL,GAIL,GLAND,GODREJCP,HAVELLS,ICICIGI,ICICIPRULI,INDIGO,IOC,JSWENERGY,JUBLFOOD,LODHA,LTM,LUPIN,MINDTREE,MUTHOOTFIN,NAUKRI,NHPC,NMDC,PAYTM,PEL,PGHH,PIDILITIND,PIIND,PNB,SAIL,SHRIRAMFIN,SIEMENS,TORNTPHARM,TVSMOTOR,UNIONBANK,UNITDSPR,VEDL,ZYDUSLIFE"
2016-05-31,"ADANIENSOL,ADANIENT,ADANIGREEN,AMBUJACEM,BAJAJHLDNG,BANDHANBNK,BANKBARODA,BHEL,BIOCON,BOSCHLTD,CHOLAFIN,DABUR,DIVISLAB,DLF,DMART,ETERNAL,GAIL,GLAND,GODREJCP,HAVELLS,ICICIGI,ICICIPRULI,INDIGO,IOC,JSWENERGY,JUBLFOOD,LODHA,LTM,LUPIN,MINDTREE,MUTHOOTFIN,NAUKRI,NHPC,NMDC,PAYTM,PEL,PGHH,PIDILITIND,PIIND,PNB,SAIL,SHRIRAMFIN,SIEMENS,TORNTPHARM,TVSMOTOR,UNIONBANK,UNITDSPR,VEDL,ZYDUSLIFE"
2016-06-30,"ADANIENSOL,ADANIENT,ADANIGREEN,AMBUJACEM,BAJAJHLDNG,BANDHANBNK,BANKBARODA,BHEL,BIOCON,BOSCHLTD,CHOLAFIN,DABUR,DIVISLAB,DLF,DMART,ETERNAL,GAIL,GLAND,GODREJCP,HAVELLS,ICICIGI,ICICIPRULI,INDIGO,IOC,JSWENERGY,JUBLFOOD,LODHA,LTM,LUPIN,MINDTREE,MUTHOOTFIN,NAUKRI,NHPC,NMDC,PAYTM,PEL,PGHH,PIDILITIND,PIIND,PNB,SAIL,SHRIRAMFIN,SIEMENS,TORNTPHARM,TVSMOTOR,UNIONBANK,UNITDSPR,VEDL,ZYDUSLIFE"
2016-07-31,"ADANIENSOL,ADANIENT,ADANIGREEN,AMBUJACEM,BAJAJHLDNG,BANDHANBNK,BANKBARODA,BHEL,BIOCON,BOSCHLTD,CHOLAFIN,DABUR,DIVISLAB,DLF,DMART,ETERNAL,GAIL,GLAND,GODREJCP,HAVELLS,ICICIGI,ICICIPRULI,INDIGO,IOC,JSWENERGY,JUBLFOOD,LODHA,LTM,LUPIN,MINDTREE,MUTHOOTFIN,NAUKRI,NHPC,NMDC,PAYTM,PEL,PGHH,PIDILITIND,PIIND,PNB,SAIL,SHRIRAMFIN,SIEMENS,TORNTPHARM,TVSMOTOR,UNIONBANK,UNITDSPR,VEDL,ZYDUSLIFE"
2016-08-31,"ADANIENSOL,ADANIENT,ADANIGREEN,AMBUJACEM,BAJAJHLDNG,BANDHANBNK,BANKBARODA,BHEL,BIOCON,BOSCHLTD,CHOLAFIN,DABUR,DIVISLAB,DLF,DMART,ETERNAL,GAIL,GLAND,GODREJCP,HAVELLS,ICICIGI,ICICIPRULI,INDIGO,IOC,JSWENERGY,JUBLFOOD,LODHA,LTM,LUPIN,MINDTREE,MUTHOOTFIN,NAUKRI,NHPC,NMDC,PAYTM,PEL,PGHH,PIDILITIND,PIIND,PNB,SAIL,SHRIRAMFIN,SIEMENS,TORNTPHARM,TVSMOTOR,UNIONBANK,UNITDSPR,VEDL,ZYDUSLIFE"
2016-09-30,"ADANIENSOL,ADANIENT,ADANIGREEN,AMBUJACEM,BAJAJHLDNG,BANDHANBNK,BANKBARODA,BHEL,BIOCON,BOSCHLTD,CHOLAFIN,DABUR,DIVISLAB,DLF,DMART,ETERNAL,GAIL,GLAND,GODREJCP,HAVELLS,ICICIGI,ICICIPRULI,INDIGO,IOC,JSWENERGY,JUBLFOOD,LODHA,LTM,LUPIN,MINDTREE,MUTHOOTFIN,NAUKRI,NHPC,NMDC,PAYTM,PEL,PGHH,PIDILITIND,PIIND,PNB,SAIL,SHRIRAMFIN,SIEMENS,TORNTPHARM,TVSMOTOR,UNIONBANK,UNITDSPR,VEDL,ZYDUSLIFE"
2016-10-31,"ADANIENSOL,ADANIENT,ADANIGREEN,AMBUJACEM,BAJAJHLDNG,BANDHANBNK,BANKBARODA,BHEL,BIOCON,BOSCHLTD,CHOLAFIN,DABUR,DIVISLAB,DLF,DMART,ETERNAL,GAIL,GLAND,GODREJCP,HAVELLS,ICICIGI,ICICIPRULI,INDIGO,IOC,JSWENERGY,JUBLFOOD,LODHA,LTM,LUPIN,MINDTREE,MUTHOOTFIN,NAUKRI,NHPC,NMDC,PAYTM,PEL,PGHH,PIDILITIND,PIIND,PNB,SAIL,SHRIRAMFIN,SIEMENS,TORNTPHARM,TVSMOTOR,UNIONBANK,UNITDSPR,VEDL,ZYDUSLIFE"
2016-11-30,"ADANIENSOL,ADANIENT,ADANIGREEN,AMBUJACEM,BAJAJHLDNG,BANDHANBNK,BANKBARODA,BHEL,BIOCON,BOSCHLTD,CHOLAFIN,DABUR,DIVISLAB,DLF,DMART,ETERNAL,GAIL,GLAND,GODREJCP,HAVELLS,ICICIGI,ICICIPRULI,INDIGO,IOC,JSWENERGY,JUBLFOOD,LODHA,LTM,LUPIN,MINDTREE,MUTHOOTFIN,NAUKRI,NHPC,NMDC,PAYTM,PEL,PGHH,PIDILITIND,PIIND,PNB,SAIL,SHRIRAMFIN,SIEMENS,TORNTPHARM,TVSMOTOR,UNIONBANK,UNITDSPR,VEDL,ZYDUSLIFE"
2016-12-31,"ADANIENSOL,ADANIENT,ADANIGREEN,AMBUJACEM,BAJAJHLDNG,BANDHANBNK,BANKBARODA,BHEL,BIOCON,BOSCHLTD,CHOLAFIN,DABUR,DIVISLAB,DLF,DMART,ETERNAL,GAIL,GLAND,GODREJCP,HAVELLS,ICICIGI,ICICIPRULI,INDIGO,IOC,JSWENERGY,JUBLFOOD,LODHA,LTM,LUPIN,MINDTREE,MUTHOOTFIN,NAUKRI,NHPC,NMDC,PAYTM,PEL,PGHH,PIDILITIND,PIIND,PNB,SAIL,SHRIRAMFIN,SIEMENS,TORNTPHARM,TVSMOTOR,UNIONBANK,UNITDSPR,VEDL,ZYDUSLIFE"
2017-01-31,"ADANIENSOL,ADANIENT,ADANIGREEN,AMBUJACEM,BAJAJHLDNG,BANDHANBNK,BANKBARODA,BHEL,BIOCON,BOSCHLTD,CHOLAFIN,DABUR,DIVISLAB,DLF,DMART,ETERNAL,GAIL,GLAND,GODREJCP,HAVELLS,ICICIGI,ICICIPRULI,INDIGO,IOC,JSWENERGY,JUBLFOOD,LODHA,LTM,LUPIN,MINDTREE,MUTHOOTFIN,NAUKRI,NHPC,NMDC,PAYTM,PEL,PGHH,PIDILITIND,PIIND,PNB,SAIL,SHRIRAMFIN,SIEMENS,TORNTPHARM,TVSMOTOR,UNIONBANK,UNITDSPR,VEDL,ZYDUSLIFE"
2017-02-28,"ADANIENSOL,ADANIENT,ADANIGREEN,AMBUJACEM,BAJAJHLDNG,BANDHANBNK,BANKBARODA,BHEL,BIOCON,BOSCHLTD,CHOLAFIN,DABUR,DIVISLAB,DLF,DMART,ETERNAL,GAIL,GLAND,GODREJCP,HAVELLS,ICICIGI,ICICIPRULI,INDIGO,IOC,JSWENERGY,JUBLFOOD,LODHA,LTM,LUPIN,MINDTREE,MUTHOOTFIN,NAUKRI,NHPC,NMDC,PAYTM,PEL,PGHH,PIDILITIND,PIIND,PNB,SAIL,SHRIRAMFIN,SIEMENS,TORNTPHARM,TVSMOTOR,UNIONBANK,UNITDSPR,VEDL,ZYDUSLIFE"
2017-03-31,"ADANIENSOL,ADANIENT,ADANIGREEN,AMBUJACEM,BAJAJHLDNG,BANDHANBNK,BANKBARODA,BHEL,BIOCON,BOSCHLTD,CHOLAFIN,DABUR,DIVISLAB,DLF,DMART,ETERNAL,GAIL,GLAND,GODREJCP,HAVELLS,ICICIGI,ICICIPRULI,INDIGO,IOC,JSWENERGY,JUBLFOOD,LODHA,LTM,LUPIN,MINDTREE,MUTHOOTFIN,NAUKRI,NHPC,NMDC,PAYTM,PEL,PGHH,PIDILITIND,PIIND,PNB,SAIL,SHRIRAMFIN,SIEMENS,TORNTPHARM,TVSMOTOR,UNIONBANK,UNITDSPR,VEDL,ZYDUSLIFE"
2017-04-30,"ADANIENSOL,ADANIENT,ADANIGREEN,AMBUJACEM,BAJAJHLDNG,BANDHANBNK,BANKBARODA,BHEL,BIOCON,BOSCHLTD,CHOLAFIN,DABUR,DIVISLAB,DLF,DMART,ETERNAL,GAIL,GLAND,GODREJCP,HAVELLS,ICICIGI,ICICIPRULI,INDIGO,IOC,JSWENERGY,JUBLFOOD,LODHA,LTM,LUPIN,MINDTREE,MUTHOOTFIN,NAUKRI,NHPC,NMDC,PAYTM,PEL,PGHH,PIDILITIND,PIIND,PNB,SAIL,SHRIRAMFIN,SIEMENS,TORNTPHARM,TVSMOTOR,UNIONBANK,UNITDSPR,VEDL,ZYDUSLIFE"
2017-05-31,"ADANIENSOL,ADANIENT,ADANIGREEN,AMBUJACEM,BAJAJHLDNG,BANDHANBNK,BANKBARODA,BHEL,BIOCON,BOSCHLTD,CHOLAFIN,DABUR,DIVISLAB,DLF,DMART,ETERNAL,GAIL,GLAND,GODREJCP,HAVELLS,ICICIGI,ICICIPRULI,INDIGO,IOC,JSWENERGY,JUBLFOOD,LODHA,LTM,LUPIN,MINDTREE,MUTHOOTFIN,NAUKRI,NHPC,NMDC,PAYTM,PEL,PGHH,PIDILITIND,PIIND,PNB,SAIL,SHRIRAMFIN,SIEMENS,TORNTPHARM,TVSMOTOR,UNIONBANK,UNITDSPR,VEDL,ZYDUSLIFE"
2017-06-30,"ADANIENSOL,ADANIENT,ADANIGREEN,AMBUJACEM,BAJAJHLDNG,BANDHANBNK,BANKBARODA,BHEL,BIOCON,BOSCHLTD,CHOLAFIN,DABUR,DIVISLAB,DLF,DMART,ETERNAL,GAIL,GLAND,GODREJCP,HAVELLS,ICICIGI,ICICIPRULI,INDIGO,IOC,JSWENERGY,JUBLFOOD,LODHA,LTM,LUPIN,MINDTREE,MUTHOOTFIN,NAUKRI,NHPC,NMDC,PAYTM,PEL,PGHH,PIDILITIND,PIIND,PNB,SAIL,SHRIRAMFIN,SIEMENS,TORNTPHARM,TVSMOTOR,UNIONBANK,UNITDSPR,VEDL,ZYDUSLIFE"
2017-07-31,"ADANIENSOL,ADANIENT,ADANIGREEN,AMBUJACEM,BAJAJHLDNG,BANDHANBNK,BANKBARODA,BHEL,BIOCON,BOSCHLTD,CHOLAFIN,DABUR,DIVISLAB,DLF,DMART,ETERNAL,GAIL,GLAND,GODREJCP,HAVELLS,ICICIGI,ICICIPRULI,INDIGO,IOC,JSWENERGY,JUBLFOOD,LODHA,LTM,LUPIN,MINDTREE,MUTHOOTFIN,NAUKRI,NHPC,NMDC,PAYTM,PEL,PGHH,PIDILITIND,PIIND,PNB,SAIL,SHRIRAMFIN,SIEMENS,TORNTPHARM,TVSMOTOR,UNIONBANK,UNITDSPR,VEDL,ZYDUSLIFE"
2017-08-31,"ADANIENSOL,ADANIENT,ADANIGREEN,AMBUJACEM,BAJAJHLDNG,BANDHANBNK,BANKBARODA,BHEL,BIOCON,BOSCHLTD,CHOLAFIN,DABUR,DIVISLAB,DLF,DMART,ETERNAL,GAIL,GLAND,GODREJCP,HAVELLS,ICICIGI,ICICIPRULI,INDIGO,IOC,JSWENERGY,JUBLFOOD,LODHA,LTM,LUPIN,MINDTREE,MUTHOOTFIN,NAUKRI,NHPC,NMDC,PAYTM,PEL,PGHH,PIDILITIND,PIIND,PNB,SAIL,SHRIRAMFIN,SIEMENS,TORNTPHARM,TVSMOTOR,UNIONBANK,UNITDSPR,VEDL,ZYDUSLIFE"
2017-09-30,"ADANIENSOL,ADANIENT,ADANIGREEN,AMBUJACEM,BAJAJHLDNG,BANDHANBNK,BANKBARODA,BHEL,BIOCON,BOSCHLTD,CHOLAFIN,DABUR,DIVISLAB,DLF,DMART,ETERNAL,GAIL,GLAND,GODREJCP,HAVELLS,ICICIGI,ICICIPRULI,INDIGO,IOC,JSWENERGY,JUBLFOOD,LODHA,LTM,LUPIN,MINDTREE,MUTHOOTFIN,NAUKRI,NHPC,NMDC,PAYTM,PEL,PGHH,PIDILITIND,PIIND,PNB,SAIL,SHRIRAMFIN,SIEMENS,TORNTPHARM,TVSMOTOR,UNIONBANK,UNITDSPR,VEDL,ZYDUSLIFE"
2017-10-31,"ADANIENSOL,ADANIENT,ADANIGREEN,AMBUJACEM,BAJAJHLDNG,BANDHANBNK,BANKBARODA,BHEL,BIOCON,BOSCHLTD,CHOLAFIN,DABUR,DIVISLAB,DLF,DMART,ETERNAL,GAIL,GLAND,GODREJCP,HAVELLS,ICICIGI,ICICIPRULI,INDIGO,IOC,JSWENERGY,JUBLFOOD,LODHA,LTM,LUPIN,MINDTREE,MUTHOOTFIN,NAUKRI,NHPC,NMDC,PAYTM,PEL,PGHH,PIDILITIND,PIIND,PNB,SAIL,SHRIRAMFIN,SIEMENS,TORNTPHARM,TVSMOTOR,UNIONBANK,UNITDSPR,VEDL,ZYDUSLIFE"
2017-11-30,"ADANIENSOL,ADANIENT,ADANIGREEN,AMBUJACEM,BAJAJHLDNG,BANDHANBNK,BANKBARODA,BHEL,BIOCON,BOSCHLTD,CHOLAFIN,DABUR,DIVISLAB,DLF,DMART,ETERNAL,GAIL,GLAND,GODREJCP,HAVELLS,ICICIGI,ICICIPRULI,INDIGO,IOC,JSWENERGY,JUBLFOOD,LODHA,LTM,LUPIN,MINDTREE,MUTHOOTFIN,NAUKRI,NHPC,NMDC,PAYTM,PEL,PGHH,PIDILITIND,PIIND,PNB,SAIL,SHRIRAMFIN,SIEMENS,TORNTPHARM,TVSMOTOR,UNIONBANK,UNITDSPR,VEDL,ZYDUSLIFE"
2017-12-31,"ADANIENSOL,ADANIENT,ADANIGREEN,AMBUJACEM,BAJAJHLDNG,BANDHANBNK,BANKBARODA,BHEL,BIOCON,BOSCHLTD,CHOLAFIN,DABUR,DIVISLAB,DLF,DMART,ETERNAL,GAIL,GLAND,GODREJCP,HAVELLS,ICICIGI,ICICIPRULI,INDIGO,IOC,JSWENERGY,JUBLFOOD,LODHA,LTM,LUPIN,MINDTREE,MUTHOOTFIN,NAUKRI,NHPC,NMDC,PAYTM,PEL,PGHH,PIDILITIND,PIIND,PNB,SAIL,SHRIRAMFIN,SIEMENS,TORNTPHARM,TVSMOTOR,UNIONBANK,UNITDSPR,VEDL,ZYDUSLIFE"
2018-01-31,"ADANIENSOL,ADANIENT,ADANIGREEN,AMBUJACEM,BAJAJHLDNG,BANDHANBNK,BANKBARODA,BHEL,BIOCON,BOSCHLTD,CHOLAFIN,DABUR,DIVISLAB,DLF,DMART,ETERNAL,GAIL,GLAND,GODREJCP,HAVELLS,ICICIGI,ICICIPRULI,INDIGO,IOC,JSWENERGY,JUBLFOOD,LODHA,LTM,LUPIN,MINDTREE,MUTHOOTFIN,NAUKRI,NHPC,NMDC,PAYTM,PEL,PGHH,PIDILITIND,PIIND,PNB,SAIL,SHRIRAMFIN,SIEMENS,TORNTPHARM,TVSMOTOR,UNIONBANK,UNITDSPR,VEDL,ZYDUSLIFE"
2018-02-28,"ADANIENSOL,ADANIENT,ADANIGREEN,AMBUJACEM,BAJAJHLDNG,BANDHANBNK,BANKBARODA,BHEL,BIOCON,BOSCHLTD,CHOLAFIN,DABUR,DIVISLAB,DLF,DMART,ETERNAL,GAIL,GLAND,GODREJCP,HAVELLS,ICICIGI,ICICIPRULI,INDIGO,IOC,JSWENERGY,JUBLFOOD,LODHA,LTM,LUPIN,MINDTREE,MUTHOOTFIN,NAUKRI,NHPC,NMDC,PAYTM,PEL,PGHH,PIDILITIND,PIIND,PNB,SAIL,SHRIRAMFIN,SIEMENS,TORNTPHARM,TVSMOTOR,UNIONBANK,UNITDSPR,VEDL,ZYDUSLIFE"
2018-03-31,"ADANIENSOL,ADANIENT,ADANIGREEN,AMBUJACEM,BAJAJHLDNG,BANDHANBNK,BANKBARODA,BHEL,BIOCON,BOSCHLTD,CHOLAFIN,DABUR,DIVISLAB,DLF,DMART,ETERNAL,GAIL,GLAND,GODREJCP,HAVELLS,ICICIGI,ICICIPRULI,INDIGO,IOC,JSWENERGY,JUBLFOOD,LODHA,LTM,LUPIN,MINDTREE,MUTHOOTFIN,NAUKRI,NHPC,NMDC,PAYTM,PEL,PGHH,PIDILITIND,PIIND,PNB,SAIL,SHRIRAMFIN,SIEMENS,TORNTPHARM,TVSMOTOR,UNIONBANK,UNITDSPR,VEDL,ZYDUSLIFE"
2018-04-30,"ADANIENSOL,ADANIENT,ADANIGREEN,AMBUJACEM,BAJAJHLDNG,BANDHANBNK,BANKBARODA,BHEL,BIOCON,BOSCHLTD,CHOLAFIN,DABUR,DIVISLAB,DLF,DMART,ETERNAL,GAIL,GLAND,GODREJCP,HAVELLS,ICICIGI,ICICIPRULI,INDIGO,IOC,JSWENERGY,JUBLFOOD,LODHA,LTM,LUPIN,MINDTREE,MUTHOOTFIN,NAUKRI,NHPC,NMDC,PAYTM,PEL,PGHH,PIDILITIND,PIIND,PNB,SAIL,SHRIRAMFIN,SIEMENS,TORNTPHARM,TVSMOTOR,UNIONBANK,UNITDSPR,VEDL,ZYDUSLIFE"
2018-05-31,"ADANIENSOL,ADANIENT,ADANIGREEN,AMBUJACEM,BAJAJHLDNG,BANDHANBNK,BANKBARODA,BHEL,BIOCON,BOSCHLTD,CHOLAFIN,DABUR,DIVISLAB,DLF,DMART,ETERNAL,GAIL,GLAND,GODREJCP,HAVELLS,ICICIGI,ICICIPRULI,INDIGO,IOC,JSWENERGY,JUBLFOOD,LODHA,LTM,LUPIN,MINDTREE,MUTHOOTFIN,NAUKRI,NHPC,NMDC,PAYTM,PEL,PGHH,PIDILITIND,PIIND,PNB,SAIL,SHRIRAMFIN,SIEMENS,TORNTPHARM,TVSMOTOR,UNIONBANK,UNITDSPR,VEDL,ZYDUSLIFE"
2018-06-30,"ADANIENSOL,ADANIENT,ADANIGREEN,AMBUJACEM,BAJAJHLDNG,BANDHANBNK,BANKBARODA,BHEL,BIOCON,BOSCHLTD,CHOLAFIN,DABUR,DIVISLAB,DLF,DMART,ETERNAL,GAIL,GLAND,GODREJCP,HAVELLS,ICICIGI,ICICIPRULI,INDIGO,IOC,JSWENERGY,JUBLFOOD,LODHA,LTM,LUPIN,MINDTREE,MUTHOOTFIN,NAUKRI,NHPC,NMDC,PAYTM,PEL,PGHH,PIDILITIND,PIIND,PNB,SAIL,SHRIRAMFIN,SIEMENS,TORNTPHARM,TVSMOTOR,UNIONBANK,UNITDSPR,VEDL,ZYDUSLIFE"
2018-07-31,"ADANIENSOL,ADANIENT,ADANIGREEN,AMBUJACEM,BAJAJHLDNG,BANDHANBNK,BANKBARODA,BHEL,BIOCON,BOSCHLTD,CHOLAFIN,DABUR,DIVISLAB,DLF,DMART,ETERNAL,GAIL,GLAND,GODREJCP,HAVELLS,ICICIGI,ICICIPRULI,INDIGO,IOC,JSWENERGY,JUBLFOOD,LODHA,LTM,LUPIN,MINDTREE,MUTHOOTFIN,NAUKRI,NHPC,NMDC,PAYTM,PEL,PGHH,PIDILITIND,PIIND,PNB,SAIL,SHRIRAMFIN,SIEMENS,TORNTPHARM,TVSMOTOR,UNIONBANK,UNITDSPR,VEDL,ZYDUSLIFE"
2018-08-31,"ADANIENSOL,ADANIENT,ADANIGREEN,AMBUJACEM,BAJAJHLDNG,BANDHANBNK,BANKBARODA,BHEL,BIOCON,BOSCHLTD,CHOLAFIN,DABUR,DIVISLAB,DLF,DMART,ETERNAL,GAIL,GLAND,GODREJCP,HAVELLS,ICICIGI,ICICIPRULI,INDIGO,IOC,JSWENERGY,JUBLFOOD,LODHA,LTM,LUPIN,MINDTREE,MUTHOOTFIN,NAUKRI,NHPC,NMDC,PAYTM,PEL,PGHH,PIDILITIND,PIIND,PNB,SAIL,SHRIRAMFIN,SIEMENS,TORNTPHARM,TVSMOTOR,UNIONBANK,UNITDSPR,VEDL,ZYDUSLIFE"
2018-09-30,"ADANIENSOL,ADANIENT,ADANIGREEN,AMBUJACEM,BAJAJHLDNG,BANDHANBNK,BANKBARODA,BHEL,BIOCON,BOSCHLTD,CHOLAFIN,DABUR,DIVISLAB,DLF,DMART,ETERNAL,GAIL,GLAND,GODREJCP,HAVELLS,ICICIGI,ICICIPRULI,INDIGO,IOC,JSWENERGY,JUBLFOOD,LODHA,LTM,LUPIN,MINDTREE,MUTHOOTFIN,NAUKRI,NHPC,NMDC,PAYTM,PEL,PGHH,PIDILITIND,PIIND,PNB,SAIL,SHRIRAMFIN,SIEMENS,TORNTPHARM,TVSMOTOR,UNIONBANK,UNITDSPR,VEDL,ZYDUSLIFE"
2018-10-31,"ADANIENSOL,ADANIENT,ADANIGREEN,AMBUJACEM,BAJAJHLDNG,BANDHANBNK,BANKBARODA,BHEL,BIOCON,BOSCHLTD,CHOLAFIN,DABUR,DIVISLAB,DLF,DMART,ETERNAL,GAIL,GLAND,GODREJCP,HAVELLS,ICICIGI,ICICIPRULI,INDIGO,IOC,JSWENERGY,JUBLFOOD,LODHA,LTM,LUPIN,MINDTREE,MUTHOOTFIN,NAUKRI,NHPC,NMDC,PAYTM,PEL,PGHH,PIDILITIND,PIIND,PNB,SAIL,SHRIRAMFIN,SIEMENS,TORNTPHARM,TVSMOTOR,UNIONBANK,UNITDSPR,VEDL,ZYDUSLIFE"
2018-11-30,"ADANIENSOL,ADANIENT,ADANIGREEN,AMBUJACEM,BAJAJHLDNG,BANDHANBNK,BANKBARODA,BHEL,BIOCON,BOSCHLTD,CHOLAFIN,DABUR,DIVISLAB,DLF,DMART,ETERNAL,GAIL,GLAND,GODREJCP,HAVELLS,ICICIGI,ICICIPRULI,INDIGO,IOC,JSWENERGY,JUBLFOOD,LODHA,LTM,LUPIN,MINDTREE,MUTHOOTFIN,NAUKRI,NHPC,NMDC,PAYTM,PEL,PGHH,PIDILITIND,PIIND,PNB,SAIL,SHRIRAMFIN,SIEMENS,TORNTPHARM,TVSMOTOR,UNIONBANK,UNITDSPR,VEDL,ZYDUSLIFE"
2018-12-31,"ADANIENSOL,ADANIENT,ADANIGREEN,AMBUJACEM,BAJAJHLDNG,BANDHANBNK,BANKBARODA,BHEL,BIOCON,BOSCHLTD,CHOLAFIN,DABUR,DIVISLAB,DLF,DMART,ETERNAL,GAIL,GLAND,GODREJCP,HAVELLS,ICICIGI,ICICIPRULI,INDIGO,IOC,JSWENERGY,JUBLFOOD,LODHA,LTM,LUPIN,MINDTREE,MUTHOOTFIN,NAUKRI,NHPC,NMDC,PAYTM,PEL,PGHH,PIDILITIND,PIIND,PNB,SAIL,SHRIRAMFIN,SIEMENS,TORNTPHARM,TVSMOTOR,UNIONBANK,UNITDSPR,VEDL,ZYDUSLIFE"
2019-01-31,"ADANIENSOL,ADANIENT,ADANIGREEN,AMBUJACEM,BAJAJHLDNG,BANDHANBNK,BANKBARODA,BHEL,BIOCON,BOSCHLTD,CHOLAFIN,DABUR,DIVISLAB,DLF,DMART,ETERNAL,GAIL,GLAND,GODREJCP,HAVELLS,ICICIGI,ICICIPRULI,INDIGO,IOC,JSWENERGY,JUBLFOOD,LODHA,LTM,LUPIN,MINDTREE,MUTHOOTFIN,NAUKRI,NHPC,NMDC,PAYTM,PEL,PGHH,PIDILITIND,PIIND,PNB,SAIL,SHRIRAMFIN,SIEMENS,TORNTPHARM,TVSMOTOR,UNIONBANK,UNITDSPR,VEDL,ZYDUSLIFE"
2019-02-28,"ADANIENSOL,ADANIENT,ADANIGREEN,AMBUJACEM,BAJAJHLDNG,BANDHANBNK,BANKBARODA,BHEL,BIOCON,BOSCHLTD,CHOLAFIN,DABUR,DIVISLAB,DLF,DMART,ETERNAL,GAIL,GLAND,GODREJCP,HAVELLS,ICICIGI,ICICIPRULI,INDIGO,IOC,JSWENERGY,JUBLFOOD,LODHA,LTM,LUPIN,MINDTREE,MUTHOOTFIN,NAUKRI,NHPC,NMDC,PAYTM,PEL,PGHH,PIDILITIND,PIIND,PNB,SAIL,SHRIRAMFIN,SIEMENS,TORNTPHARM,TVSMOTOR,UNIONBANK,UNITDSPR,VEDL,ZYDUSLIFE"
2019-03-31,"ADANIENSOL,ADANIENT,ADANIGREEN,AMBUJACEM,BAJAJHLDNG,BANDHANBNK,BANKBARODA,BHEL,BIOCON,BOSCHLTD,CHOLAFIN,DABUR,DIVISLAB,DLF,DMART,ETERNAL,GAIL,GLAND,GODREJCP,HAVELLS,ICICIGI,ICICIPRULI,INDIGO,IOC,JSWENERGY,JUBLFOOD,LODHA,LTM,LUPIN,MINDTREE,MUTHOOTFIN,NAUKRI,NHPC,NMDC,PAYTM,PEL,PGHH,PIDILITIND,PIIND,PNB,SAIL,SHRIRAMFIN,SIEMENS,TORNTPHARM,TVSMOTOR,UNIONBANK,UNITDSPR,VEDL,ZYDUSLIFE"
2019-04-30,"ADANIENSOL,ADANIENT,ADANIGREEN,AMBUJACEM,BAJAJHLDNG,BANDHANBNK,BANKBARODA,BHEL,BIOCON,BOSCHLTD,CHOLAFIN,DABUR,DIVISLAB,DLF,DMART,ETERNAL,GAIL,GLAND,GODREJCP,HAVELLS,ICICIGI,ICICIPRULI,INDIGO,IOC,JSWENERGY,JUBLFOOD,LODHA,LTM,LUPIN,MINDTREE,MUTHOOTFIN,NAUKRI,NHPC,NMDC,PAYTM,PEL,PGHH,PIDILITIND,PIIND,PNB,SAIL,SHRIRAMFIN,SIEMENS,TORNTPHARM,TVSMOTOR,UNIONBANK,UNITDSPR,VEDL,ZYDUSLIFE"
2019-05-31,"ADANIENSOL,ADANIENT,ADANIGREEN,AMBUJACEM,BAJAJHLDNG,BANDHANBNK,BANKBARODA,BHEL,BIOCON,BOSCHLTD,CHOLAFIN,DABUR,DIVISLAB,DLF,DMART,ETERNAL,GAIL,GLAND,GODREJCP,HAVELLS,ICICIGI,ICICIPRULI,INDIGO,IOC,JSWENERGY,JUBLFOOD,LODHA,LTM,LUPIN,MINDTREE,MUTHOOTFIN,NAUKRI,NHPC,NMDC,PAYTM,PEL,PGHH,PIDILITIND,PIIND,PNB,SAIL,SHRIRAMFIN,SIEMENS,TORNTPHARM,TVSMOTOR,UNIONBANK,UNITDSPR,VEDL,ZYDUSLIFE"
2019-06-30,"ADANIENSOL,ADANIENT,ADANIGREEN,AMBUJACEM,BAJAJHLDNG,BANDHANBNK,BANKBARODA,BHEL,BIOCON,BOSCHLTD,CHOLAFIN,DABUR,DIVISLAB,DLF,DMART,ETERNAL,GAIL,GLAND,GODREJCP,HAVELLS,ICICIGI,ICICIPRULI,INDIGO,IOC,JSWENERGY,JUBLFOOD,LODHA,LTM,LUPIN,MINDTREE,MUTHOOTFIN,NAUKRI,NHPC,NMDC,PAYTM,PEL,PGHH,PIDILITIND,PIIND,PNB,SAIL,SHRIRAMFIN,SIEMENS,TORNTPHARM,TVSMOTOR,UNIONBANK,UNITDSPR,VEDL,ZYDUSLIFE"
2019-07-31,"ADANIENSOL,ADANIENT,ADANIGREEN,AMBUJACEM,BAJAJHLDNG,BANDHANBNK,BANKBARODA,BHEL,BIOCON,BOSCHLTD,CHOLAFIN,DABUR,DIVISLAB,DLF,DMART,ETERNAL,GAIL,GLAND,GODREJCP,HAVELLS,ICICIGI,ICICIPRULI,INDIGO,IOC,JSWENERGY,JUBLFOOD,LODHA,LTM,LUPIN,MINDTREE,MUTHOOTFIN,NAUKRI,NHPC,NMDC,PAYTM,PEL,PGHH,PIDILITIND,PIIND,PNB,SAIL,SHRIRAMFIN,SIEMENS,TORNTPHARM,TVSMOTOR,UNIONBANK,UNITDSPR,VEDL,ZYDUSLIFE"
2019-08-31,"ADANIENSOL,ADANIENT,ADANIGREEN,AMBUJACEM,BAJAJHLDNG,BANDHANBNK,BANKBARODA,BHEL,BIOCON,BOSCHLTD,CHOLAFIN,DABUR,DIVISLAB,DLF,DMART,ETERNAL,GAIL,GLAND,GODREJCP,HAVELLS,ICICIGI,ICICIPRULI,INDIGO,IOC,JSWENERGY,JUBLFOOD,LODHA,LTM,LUPIN,MINDTREE,MUTHOOTFIN,NAUKRI,NHPC,NMDC,PAYTM,PEL,PGHH,PIDILITIND,PIIND,PNB,SAIL,SHRIRAMFIN,SIEMENS,TORNTPHARM,TVSMOTOR,UNIONBANK,UNITDSPR,VEDL,ZYDUSLIFE"
2019-09-30,"ADANIENSOL,ADANIENT,ADANIGREEN,AMBUJACEM,BAJAJHLDNG,BANDHANBNK,BANKBARODA,BHEL,BIOCON,BOSCHLTD,CHOLAFIN,DABUR,DIVISLAB,DLF,DMART,ETERNAL,GAIL,GLAND,GODREJCP,HAVELLS,ICICIGI,ICICIPRULI,INDIGO,IOC,JSWENERGY,JUBLFOOD,LODHA,LTM,LUPIN,MINDTREE,MUTHOOTFIN,NAUKRI,NHPC,NMDC,PAYTM,PEL,PGHH,PIDILITIND,PIIND,PNB,SAIL,SHRIRAMFIN,SIEMENS,TORNTPHARM,TVSMOTOR,UNIONBANK,UNITDSPR,VEDL,ZYDUSLIFE"
2019-10-31,"ADANIENSOL,ADANIENT,ADANIGREEN,AMBUJACEM,BAJAJHLDNG,BANDHANBNK,BANKBARODA,BHEL,BIOCON,BOSCHLTD,CHOLAFIN,DABUR,DIVISLAB,DLF,DMART,ETERNAL,GAIL,GLAND,GODREJCP,HAVELLS,ICICIGI,ICICIPRULI,INDIGO,IOC,JSWENERGY,JUBLFOOD,LODHA,LTM,LUPIN,MINDTREE,MUTHOOTFIN,NAUKRI,NHPC,NMDC,PAYTM,PEL,PGHH,PIDILITIND,PIIND,PNB,SAIL,SHRIRAMFIN,SIEMENS,TORNTPHARM,TVSMOTOR,UNIONBANK,UNITDSPR,VEDL,ZYDUSLIFE"
2019-11-30,"ADANIENSOL,ADANIENT,ADANIGREEN,AMBUJACEM,BAJAJHLDNG,BANDHANBNK,BANKBARODA,BHEL,BIOCON,BOSCHLTD,CHOLAFIN,DABUR,DIVISLAB,DLF,DMART,ETERNAL,GAIL,GLAND,GODREJCP,HAVELLS,ICICIGI,ICICIPRULI,INDIGO,IOC,JSWENERGY,JUBLFOOD,LODHA,LTM,LUPIN,MINDTREE,MUTHOOTFIN,NAUKRI,NHPC,NMDC,PAYTM,PEL,PGHH,PIDILITIND,PIIND,PNB,SAIL,SHRIRAMFIN,SIEMENS,TORNTPHARM,TVSMOTOR,UNIONBANK,UNITDSPR,VEDL,ZYDUSLIFE"
2019-12-31,"ADANIENSOL,ADANIENT,ADANIGREEN,AMBUJACEM,BAJAJHLDNG,BANDHANBNK,BANKBARODA,BHEL,BIOCON,BOSCHLTD,CHOLAFIN,DABUR,DIVISLAB,DLF,DMART,ETERNAL,GAIL,GLAND,GODREJCP,HAVELLS,ICICIGI,ICICIPRULI,INDIGO,IOC,JSWENERGY,JUBLFOOD,LODHA,LTM,LUPIN,MINDTREE,MUTHOOTFIN,NAUKRI,NHPC,NMDC,PAYTM,PEL,PGHH,PIDILITIND,PIIND,PNB,SAIL,SHRIRAMFIN,SIEMENS,TORNTPHARM,TVSMOTOR,UNIONBANK,UNITDSPR,VEDL,ZYDUSLIFE"
2020-01-31,"ADANIENSOL,ADANIENT,ADANIGREEN,AMBUJACEM,BAJAJHLDNG,BANDHANBNK,BANKBARODA,BHEL,BIOCON,BOSCHLTD,CHOLAFIN,DABUR,DIVISLAB,DLF,DMART,ETERNAL,GAIL,GLAND,GODREJCP,HAVELLS,ICICIGI,ICICIPRULI,INDIGO,IOC,JSWENERGY,JUBLFOOD,LODHA,LTM,LUPIN,MINDTREE,MUTHOOTFIN,NAUKRI,NHPC,NMDC,PAYTM,PEL,PGHH,PIDILITIND,PIIND,PNB,SAIL,SHRIRAMFIN,SIEMENS,TORNTPHARM,TVSMOTOR,UNIONBANK,UNITDSPR,VEDL,ZYDUSLIFE"
2020-02-29,"ADANIENSOL,ADANIENT,ADANIGREEN,AMBUJACEM,BAJAJHLDNG,BANDHANBNK,BANKBARODA,BHEL,BIOCON,BOSCHLTD,CHOLAFIN,DABUR,DIVISLAB,DLF,DMART,ETERNAL,GAIL,GLAND,GODREJCP,HAVELLS,ICICIGI,ICICIPRULI,INDIGO,IOC,JSWENERGY,JUBLFOOD,LODHA,LTM,LUPIN,MINDTREE,MUTHOOTFIN,NAUKRI,NHPC,NMDC,PAYTM,PEL,PGHH,PIDILITIND,PIIND,PNB,SAIL,SHRIRAMFIN,SIEMENS,TORNTPHARM,TVSMOTOR,UNIONBANK,UNITDSPR,VEDL,ZYDUSLIFE"
2020-03-31,"ADANIENSOL,ADANIENT,ADANIGREEN,AMBUJACEM,BAJAJHLDNG,BANDHANBNK,BANKBARODA,BHEL,BIOCON,BOSCHLTD,CHOLAFIN,DABUR,DIVISLAB,DLF,DMART,ETERNAL,GAIL,GLAND,GODREJCP,HAVELLS,ICICIGI,ICICIPRULI,INDIGO,IOC,JSWENERGY,JUBLFOOD,LODHA,LTM,LUPIN,MINDTREE,MUTHOOTFIN,NAUKRI,NHPC,NMDC,PAYTM,PEL,PGHH,PIDILITIND,PIIND,PNB,SAIL,SHRIRAMFIN,SIEMENS,TORNTPHARM,TVSMOTOR,UNIONBANK,UNITDSPR,VEDL,ZYDUSLIFE"
2020-04-30,"ADANIENSOL,ADANIENT,ADANIGREEN,AMBUJACEM,BAJAJHLDNG,BANDHANBNK,BANKBARODA,BHEL,BIOCON,BOSCHLTD,CHOLAFIN,DABUR,DIVISLAB,DLF,DMART,ETERNAL,GAIL,GLAND,GODREJCP,HAVELLS,ICICIGI,ICICIPRULI,INDIGO,IOC,JSWENERGY,JUBLFOOD,LODHA,LTM,LUPIN,MINDTREE,MUTHOOTFIN,NAUKRI,NHPC,NMDC,PAYTM,PEL,PGHH,PIDILITIND,PIIND,PNB,SAIL,SHRIRAMFIN,SIEMENS,TORNTPHARM,TVSMOTOR,UNIONBANK,UNITDSPR,VEDL,ZYDUSLIFE"
2020-05-31,"ADANIENSOL,ADANIENT,ADANIGREEN,AMBUJACEM,BAJAJHLDNG,BANDHANBNK,BANKBARODA,BHEL,BIOCON,BOSCHLTD,CHOLAFIN,DABUR,DIVISLAB,DLF,DMART,ETERNAL,GAIL,GLAND,GODREJCP,HAVELLS,ICICIGI,ICICIPRULI,INDIGO,IOC,JSWENERGY,JUBLFOOD,LODHA,LTM,LUPIN,MINDTREE,MUTHOOTFIN,NAUKRI,NHPC,NMDC,PAYTM,PEL,PGHH,PIDILITIND,PIIND,PNB,SAIL,SHRIRAMFIN,SIEMENS,TORNTPHARM,TVSMOTOR,UNIONBANK,UNITDSPR,VEDL,ZYDUSLIFE"
2020-06-30,"ADANIENSOL,ADANIENT,ADANIGREEN,AMBUJACEM,BAJAJHLDNG,BANDHANBNK,BANKBARODA,BHEL,BIOCON,BOSCHLTD,CHOLAFIN,DABUR,DIVISLAB,DLF,DMART,ETERNAL,GAIL,GLAND,GODREJCP,HAVELLS,ICICIGI,ICICIPRULI,INDIGO,IOC,JSWENERGY,JUBLFOOD,LODHA,LTM,LUPIN,MINDTREE,MUTHOOTFIN,NAUKRI,NHPC,NMDC,PAYTM,PEL,PGHH,PIDILITIND,PIIND,PNB,SAIL,SHRIRAMFIN,SIEMENS,TORNTPHARM,TVSMOTOR,UNIONBANK,UNITDSPR,VEDL,ZYDUSLIFE"
2020-07-31,"ADANIENSOL,ADANIENT,ADANIGREEN,AMBUJACEM,BAJAJHLDNG,BANDHANBNK,BANKBARODA,BHEL,BIOCON,BOSCHLTD,CHOLAFIN,DABUR,DIVISLAB,DLF,DMART,ETERNAL,GAIL,GLAND,GODREJCP,HAVELLS,ICICIGI,ICICIPRULI,INDIGO,IOC,JSWENERGY,JUBLFOOD,LODHA,LTM,LUPIN,MINDTREE,MUTHOOTFIN,NAUKRI,NHPC,NMDC,PAYTM,PEL,PGHH,PIDILITIND,PIIND,PNB,SAIL,SHRIRAMFIN,SIEMENS,TORNTPHARM,TVSMOTOR,UNIONBANK,UNITDSPR,VEDL,ZYDUSLIFE"
2020-08-31,"ADANIENSOL,ADANIENT,ADANIGREEN,AMBUJACEM,BAJAJHLDNG,BANDHANBNK,BANKBARODA,BHEL,BIOCON,BOSCHLTD,CHOLAFIN,DABUR,DIVISLAB,DLF,DMART,ETERNAL,GAIL,GLAND,GODREJCP,HAVELLS,ICICIGI,ICICIPRULI,INDIGO,IOC,JSWENERGY,JUBLFOOD,LODHA,LTM,LUPIN,MINDTREE,MUTHOOTFIN,NAUKRI,NHPC,NMDC,PAYTM,PEL,PGHH,PIDILITIND,PIIND,PNB,SAIL,SHRIRAMFIN,SIEMENS,TORNTPHARM,TVSMOTOR,UNIONBANK,UNITDSPR,VEDL,ZYDUSLIFE"
2020-09-30,"ADANIENSOL,ADANIENT,ADANIGREEN,AMBUJACEM,BAJAJHLDNG,BANDHANBNK,BANKBARODA,BHEL,BIOCON,BOSCHLTD,CHOLAFIN,DABUR,DIVISLAB,DLF,DMART,ETERNAL,GAIL,GLAND,GODREJCP,HAVELLS,ICICIGI,ICICIPRULI,INDIGO,IOC,JSWENERGY,JUBLFOOD,LODHA,LTM,LUPIN,MINDTREE,MUTHOOTFIN,NAUKRI,NHPC,NMDC,PAYTM,PEL,PGHH,PIDILITIND,PIIND,PNB,SAIL,SHRIRAMFIN,SIEMENS,TORNTPHARM,TVSMOTOR,UNIONBANK,UNITDSPR,VEDL,ZYDUSLIFE"
2020-10-31,"ADANIENSOL,ADANIENT,ADANIGREEN,AMBUJACEM,BAJAJHLDNG,BANDHANBNK,BANKBARODA,BHEL,BIOCON,BOSCHLTD,CHOLAFIN,DABUR,DIVISLAB,DLF,DMART,ETERNAL,GAIL,GLAND,GODREJCP,HAVELLS,ICICIGI,ICICIPRULI,INDIGO,IOC,JSWENERGY,JUBLFOOD,LODHA,LTM,LUPIN,MINDTREE,MUTHOOTFIN,NAUKRI,NHPC,NMDC,PAYTM,PEL,PGHH,PIDILITIND,PIIND,PNB,SAIL,SHRIRAMFIN,SIEMENS,TORNTPHARM,TVSMOTOR,UNIONBANK,UNITDSPR,VEDL,ZYDUSLIFE"
2020-11-30,"ADANIENSOL,ADANIENT,ADANIGREEN,AMBUJACEM,BAJAJHLDNG,BANDHANBNK,BANKBARODA,BHEL,BIOCON,BOSCHLTD,CHOLAFIN,DABUR,DIVISLAB,DLF,DMART,ETERNAL,GAIL,GLAND,GODREJCP,HAVELLS,ICICIGI,ICICIPRULI,INDIGO,IOC,JSWENERGY,JUBLFOOD,LODHA,LTM,LUPIN,MINDTREE,MUTHOOTFIN,NAUKRI,NHPC,NMDC,PAYTM,PEL,PGHH,PIDILITIND,PIIND,PNB,SAIL,SHRIRAMFIN,SIEMENS,TORNTPHARM,TVSMOTOR,UNIONBANK,UNITDSPR,VEDL,ZYDUSLIFE"
2020-12-31,"ADANIENSOL,ADANIENT,ADANIGREEN,AMBUJACEM,BAJAJHLDNG,BANDHANBNK,BANKBARODA,BHEL,BIOCON,BOSCHLTD,CHOLAFIN,DABUR,DIVISLAB,DLF,DMART,ETERNAL,GAIL,GLAND,GODREJCP,HAVELLS,ICICIGI,ICICIPRULI,INDIGO,IOC,JSWENERGY,JUBLFOOD,LODHA,LTM,LUPIN,MINDTREE,MUTHOOTFIN,NAUKRI,NHPC,NMDC,PAYTM,PEL,PGHH,PIDILITIND,PIIND,PNB,SAIL,SHRIRAMFIN,SIEMENS,TORNTPHARM,TVSMOTOR,UNIONBANK,UNITDSPR,VEDL,ZYDUSLIFE"
2021-01-31,"ADANIENSOL,ADANIENT,ADANIGREEN,AMBUJACEM,BAJAJHLDNG,BANDHANBNK,BANKBARODA,BHEL,BIOCON,BOSCHLTD,CHOLAFIN,DABUR,DIVISLAB,DLF,DMART,ETERNAL,GAIL,GLAND,GODREJCP,HAVELLS,ICICIGI,ICICIPRULI,INDIGO,IOC,JSWENERGY,JUBLFOOD,LODHA,LTM,LUPIN,MINDTREE,MUTHOOTFIN,NAUKRI,NHPC,NMDC,PAYTM,PEL,PGHH,PIDILITIND,PIIND,PNB,SAIL,SHRIRAMFIN,SIEMENS,TORNTPHARM,TVSMOTOR,UNIONBANK,UNITDSPR,VEDL,ZYDUSLIFE"
2021-02-28,"ADANIENSOL,ADANIENT,ADANIGREEN,AMBUJACEM,BAJAJHLDNG,BANDHANBNK,BANKBARODA,BHEL,BIOCON,BOSCHLTD,CHOLAFIN,DABUR,DIVISLAB,DLF,DMART,ETERNAL,GAIL,GLAND,GODREJCP,HAVELLS,ICICIGI,ICICIPRULI,INDIGO,IOC,JSWENERGY,JUBLFOOD,LODHA,LTM,LUPIN,MINDTREE,MUTHOOTFIN,NAUKRI,NHPC,NMDC,PAYTM,PEL,PGHH,PIDILITIND,PIIND,PNB,SAIL,SHRIRAMFIN,SIEMENS,TORNTPHARM,TVSMOTOR,UNIONBANK,UNITDSPR,VEDL,ZYDUSLIFE"
2021-03-31,"ADANIENSOL,ADANIENT,ADANIGREEN,AMBUJACEM,BAJAJHLDNG,BANDHANBNK,BANKBARODA,BHEL,BIOCON,BOSCHLTD,CHOLAFIN,DABUR,DIVISLAB,DLF,DMART,ETERNAL,GAIL,GLAND,GODREJCP,HAVELLS,ICICIGI,ICICIPRULI,INDIGO,IOC,JSWENERGY,JUBLFOOD,LODHA,LTM,LUPIN,MINDTREE,MUTHOOTFIN,NAUKRI,NHPC,NMDC,PAYTM,PEL,PGHH,PIDILITIND,PIIND,PNB,SAIL,SHRIRAMFIN,SIEMENS,TORNTPHARM,TVSMOTOR,UNIONBANK,UNITDSPR,VEDL,ZYDUSLIFE"
2021-04-30,"ADANIENSOL,ADANIENT,ADANIGREEN,AMBUJACEM,BAJAJHLDNG,BANDHANBNK,BANKBARODA,BHEL,BIOCON,BOSCHLTD,CHOLAFIN,DABUR,DIVISLAB,DLF,DMART,ETERNAL,GAIL,GLAND,GODREJCP,HAVELLS,ICICIGI,ICICIPRULI,INDIGO,IOC,JSWENERGY,JUBLFOOD,LODHA,LTM,LUPIN,MINDTREE,MUTHOOTFIN,NAUKRI,NHPC,NMDC,PAYTM,PEL,PGHH,PIDILITIND,PIIND,PNB,SAIL,SHRIRAMFIN,SIEMENS,TORNTPHARM,TVSMOTOR,UNIONBANK,UNITDSPR,VEDL,ZYDUSLIFE"
2021-05-31,"ADANIENSOL,ADANIENT,ADANIGREEN,AMBUJACEM,BAJAJHLDNG,BANDHANBNK,BANKBARODA,BHEL,BIOCON,BOSCHLTD,CHOLAFIN,DABUR,DIVISLAB,DLF,DMART,ETERNAL,GAIL,GLAND,GODREJCP,HAVELLS,ICICIGI,ICICIPRULI,INDIGO,IOC,JSWENERGY,JUBLFOOD,LODHA,LTM,LUPIN,MINDTREE,MUTHOOTFIN,NAUKRI,NHPC,NMDC,PAYTM,PEL,PGHH,PIDILITIND,PIIND,PNB,SAIL,SHRIRAMFIN,SIEMENS,TORNTPHARM,TVSMOTOR,UNIONBANK,UNITDSPR,VEDL,ZYDUSLIFE"
2021-06-30,"ADANIENSOL,ADANIENT,ADANIGREEN,AMBUJACEM,BAJAJHLDNG,BANDHANBNK,BANKBARODA,BHEL,BIOCON,BOSCHLTD,CHOLAFIN,DABUR,DIVISLAB,DLF,DMART,ETERNAL,GAIL,GLAND,GODREJCP,HAVELLS,ICICIGI,ICICIPRULI,INDIGO,IOC,JSWENERGY,JUBLFOOD,LODHA,LTM,LUPIN,MINDTREE,MUTHOOTFIN,NAUKRI,NHPC,NMDC,PAYTM,PEL,PGHH,PIDILITIND,PIIND,PNB,SAIL,SHRIRAMFIN,SIEMENS,TORNTPHARM,TVSMOTOR,UNIONBANK,UNITDSPR,VEDL,ZYDUSLIFE"
2021-07-31,"ADANIENSOL,ADANIENT,ADANIGREEN,AMBUJACEM,BAJAJHLDNG,BANDHANBNK,BANKBARODA,BHEL,BIOCON,BOSCHLTD,CHOLAFIN,DABUR,DIVISLAB,DLF,DMART,ETERNAL,GAIL,GLAND,GODREJCP,HAVELLS,ICICIGI,ICICIPRULI,INDIGO,IOC,JSWENERGY,JUBLFOOD,LODHA,LTM,LUPIN,MINDTREE,MUTHOOTFIN,NAUKRI,NHPC,NMDC,PAYTM,PEL,PGHH,PIDILITIND,PIIND,PNB,SAIL,SHRIRAMFIN,SIEMENS,TORNTPHARM,TVSMOTOR,UNIONBANK,UNITDSPR,VEDL,ZYDUSLIFE"
2021-08-31,"ADANIENSOL,ADANIENT,ADANIGREEN,AMBUJACEM,BAJAJHLDNG,BANDHANBNK,BANKBARODA,BHEL,BIOCON,BOSCHLTD,CHOLAFIN,DABUR,DIVISLAB,DLF,DMART,ETERNAL,GAIL,GLAND,GODREJCP,HAVELLS,ICICIGI,ICICIPRULI,INDIGO,IOC,JSWENERGY,JUBLFOOD,LODHA,LTM,LUPIN,MINDTREE,MUTHOOTFIN,NAUKRI,NHPC,NMDC,PAYTM,PEL,PGHH,PIDILITIND,PIIND,PNB,SAIL,SHRIRAMFIN,SIEMENS,TORNTPHARM,TVSMOTOR,UNIONBANK,UNITDSPR,VEDL,ZYDUSLIFE"
2021-09-30,"ADANIENSOL,ADANIENT,ADANIGREEN,AMBUJACEM,BAJAJHLDNG,BANDHANBNK,BANKBARODA,BHEL,BIOCON,BOSCHLTD,CHOLAFIN,DABUR,DIVISLAB,DLF,DMART,ETERNAL,GAIL,GLAND,GODREJCP,HAVELLS,ICICIGI,ICICIPRULI,INDIGO,IOC,JSWENERGY,JUBLFOOD,LODHA,LTM,LUPIN,MINDTREE,MUTHOOTFIN,NAUKRI,NHPC,NMDC,PAYTM,PEL,PGHH,PIDILITIND,PIIND,PNB,SAIL,SHRIRAMFIN,SIEMENS,TORNTPHARM,TVSMOTOR,UNIONBANK,UNITDSPR,VEDL,ZYDUSLIFE"
2021-10-31,"ADANIENSOL,ADANIENT,ADANIGREEN,AMBUJACEM,BAJAJHLDNG,BANDHANBNK,BANKBARODA,BHEL,BIOCON,BOSCHLTD,CHOLAFIN,DABUR,DIVISLAB,DLF,DMART,ETERNAL,GAIL,GLAND,GODREJCP,HAVELLS,ICICIGI,ICICIPRULI,INDIGO,IOC,JSWENERGY,JUBLFOOD,LODHA,LTM,LUPIN,MINDTREE,MUTHOOTFIN,NAUKRI,NHPC,NMDC,PAYTM,PEL,PGHH,PIDILITIND,PIIND,PNB,SAIL,SHRIRAMFIN,SIEMENS,TORNTPHARM,TVSMOTOR,UNIONBANK,UNITDSPR,VEDL,ZYDUSLIFE"
2021-11-30,"ADANIENSOL,ADANIENT,ADANIGREEN,AMBUJACEM,BAJAJHLDNG,BANDHANBNK,BANKBARODA,BHEL,BIOCON,BOSCHLTD,CHOLAFIN,DABUR,DIVISLAB,DLF,DMART,ETERNAL,GAIL,GLAND,GODREJCP,HAVELLS,ICICIGI,ICICIPRULI,INDIGO,IOC,JSWENERGY,JUBLFOOD,LODHA,LTM,LUPIN,MINDTREE,MUTHOOTFIN,NAUKRI,NHPC,NMDC,PAYTM,PEL,PGHH,PIDILITIND,PIIND,PNB,SAIL,SHRIRAMFIN,SIEMENS,TORNTPHARM,TVSMOTOR,UNIONBANK,UNITDSPR,VEDL,ZYDUSLIFE"
2021-12-31,"ADANIENSOL,ADANIENT,ADANIGREEN,AMBUJACEM,BAJAJHLDNG,BANDHANBNK,BANKBARODA,BHEL,BIOCON,BOSCHLTD,CHOLAFIN,DABUR,DIVISLAB,DLF,DMART,ETERNAL,GAIL,GLAND,GODREJCP,HAVELLS,ICICIGI,ICICIPRULI,INDIGO,IOC,JSWENERGY,JUBLFOOD,LODHA,LTM,LUPIN,MINDTREE,MUTHOOTFIN,NAUKRI,NHPC,NMDC,PAYTM,PEL,PGHH,PIDILITIND,PIIND,PNB,SAIL,SHRIRAMFIN,SIEMENS,TORNTPHARM,TVSMOTOR,UNIONBANK,UNITDSPR,VEDL,ZYDUSLIFE"
2022-01-31,"ADANIENSOL,ADANIENT,ADANIGREEN,AMBUJACEM,BAJAJHLDNG,BANDHANBNK,BANKBARODA,BHEL,BIOCON,BOSCHLTD,CHOLAFIN,DABUR,DIVISLAB,DLF,DMART,ETERNAL,GAIL,GLAND,GODREJCP,HAVELLS,ICICIGI,ICICIPRULI,INDIGO,IOC,JSWENERGY,JUBLFOOD,LODHA,LTM,LUPIN,MINDTREE,MUTHOOTFIN,NAUKRI,NHPC,NMDC,PAYTM,PEL,PGHH,PIDILITIND,PIIND,PNB,SAIL,SHRIRAMFIN,SIEMENS,TORNTPHARM,TVSMOTOR,UNIONBANK,UNITDSPR,VEDL,ZYDUSLIFE"
2022-02-28,"ADANIENSOL,ADANIENT,ADANIGREEN,AMBUJACEM,BAJAJHLDNG,BANDHANBNK,BANKBARODA,BHEL,BIOCON,BOSCHLTD,CHOLAFIN,DABUR,DIVISLAB,DLF,DMART,ETERNAL,GAIL,GLAND,GODREJCP,HAVELLS,ICICIGI,ICICIPRULI,INDIGO,IOC,JSWENERGY,JUBLFOOD,LODHA,LTM,LUPIN,MINDTREE,MUTHOOTFIN,NAUKRI,NHPC,NMDC,PAYTM,PEL,PGHH,PIDILITIND,PIIND,PNB,SAIL,SHRIRAMFIN,SIEMENS,TORNTPHARM,TVSMOTOR,UNIONBANK,UNITDSPR,VEDL,ZYDUSLIFE"
2022-03-31,"ADANIENSOL,ADANIENT,ADANIGREEN,AMBUJACEM,BAJAJHLDNG,BANDHANBNK,BANKBARODA,BHEL,BIOCON,BOSCHLTD,CHOLAFIN,DABUR,DIVISLAB,DLF,DMART,ETERNAL,GAIL,GLAND,GODREJCP,HAVELLS,ICICIGI,ICICIPRULI,INDIGO,IOC,JSWENERGY,JUBLFOOD,LODHA,LTM,LUPIN,MINDTREE,MUTHOOTFIN,NAUKRI,NHPC,NMDC,PAYTM,PEL,PGHH,PIDILITIND,PIIND,PNB,SAIL,SHRIRAMFIN,SIEMENS,TORNTPHARM,TVSMOTOR,UNIONBANK,UNITDSPR,VEDL,ZYDUSLIFE"
2024-04-30,"ABB,ADANIENSOL,ADANIGREEN,ADANIPOWER,AMBUJACEM,ATGL,BAJAJHLDNG,BANKBARODA,BHEL,BOSCHLTD,CANBK,CHOLAFIN,DABUR,DIVISLAB,DLF,DMART,ETERNAL,GAIL,GODREJCP,HAL,HAVELLS,ICICIGI,ICICIPRULI,INDIGO,IOC,IRCTC,IRFC,JINDALSTEL,JIOFIN,JSWENERGY,LICI,LODHA,LTM,MOTHERSON,NAUKRI,NHPC,PFC,PIDILITIND,PNB,RECLTD,SHREECEM,SIEMENS,TATAPOWER,TORNTPHARM,TVSMOTOR,UNIONBANK,UNITDSPR,VBL,VEDL,ZYDUSLIFE"
2024-05-31,"ABB,ADANIENSOL,ADANIGREEN,ADANIPOWER,AMBUJACEM,ATGL,BAJAJHLDNG,BANKBARODA,BHEL,BOSCHLTD,CANBK,CHOLAFIN,DABUR,DIVISLAB,DLF,DMART,ETERNAL,GAIL,GODREJCP,HAL,HAVELLS,ICICIGI,ICICIPRULI,INDIGO,IOC,IRCTC,IRFC,JINDALSTEL,JIOFIN,JSWENERGY,LICI,LODHA,LTM,MOTHERSON,NAUKRI,NHPC,PFC,PIDILITIND,PNB,RECLTD,SHREECEM,SIEMENS,TATAPOWER,TORNTPHARM,TVSMOTOR,UNIONBANK,UNITDSPR,VBL,VEDL,ZYDUSLIFE"
2024-06-30,"ABB,ADANIENSOL,ADANIGREEN,ADANIPOWER,AMBUJACEM,ATGL,BAJAJHLDNG,BANKBARODA,BHEL,BOSCHLTD,CANBK,CHOLAFIN,DABUR,DIVISLAB,DLF,DMART,ETERNAL,GAIL,GODREJCP,HAL,HAVELLS,ICICIGI,ICICIPRULI,INDIGO,IOC,IRCTC,IRFC,JINDALSTEL,JIOFIN,JSWENERGY,LICI,LODHA,LTM,MOTHERSON,NAUKRI,NHPC,PFC,PIDILITIND,PNB,RECLTD,SHREECEM,SIEMENS,TATAPOWER,TORNTPHARM,TVSMOTOR,UNIONBANK,UNITDSPR,VBL,VEDL,ZYDUSLIFE"
2024-07-31,"ABB,ADANIENSOL,ADANIGREEN,ADANIPOWER,AMBUJACEM,ATGL,BAJAJHLDNG,BANKBARODA,BHEL,BOSCHLTD,CANBK,CHOLAFIN,DABUR,DIVISLAB,DLF,DMART,ETERNAL,GAIL,GODREJCP,HAL,HAVELLS,ICICIGI,ICICIPRULI,INDIGO,IOC,IRCTC,IRFC,JINDALSTEL,JIOFIN,JSWENERGY,LICI,LODHA,LTM,MOTHERSON,NAUKRI,NHPC,PFC,PIDILITIND,PNB,RECLTD,SHREECEM,SIEMENS,TATAPOWER,TORNTPHARM,TVSMOTOR,UNIONBANK,UNITDSPR,VBL,VEDL,ZYDUSLIFE"
2024-08-31,"ABB,ADANIENSOL,ADANIGREEN,ADANIPOWER,AMBUJACEM,ATGL,BAJAJHLDNG,BANKBARODA,BHEL,BOSCHLTD,CANBK,CHOLAFIN,DABUR,DIVISLAB,DLF,DMART,ETERNAL,GAIL,GODREJCP,HAL,HAVELLS,ICICIGI,ICICIPRULI,INDIGO,IOC,IRCTC,IRFC,JINDALSTEL,JIOFIN,JSWENERGY,LICI,LODHA,LTM,MOTHERSON,NAUKRI,NHPC,PFC,PIDILITIND,PNB,RECLTD,SHREECEM,SIEMENS,TATAPOWER,TORNTPHARM,TVSMOTOR,UNIONBANK,UNITDSPR,VBL,VEDL,ZYDUSLIFE"
2024-09-30,"ABB,ADANIENSOL,ADANIGREEN,ADANIPOWER,AMBUJACEM,ATGL,BAJAJHLDNG,BANKBARODA,BHEL,BOSCHLTD,CANBK,CHOLAFIN,DABUR,DIVISLAB,DLF,DMART,ETERNAL,GAIL,GODREJCP,HAL,HAVELLS,ICICIGI,ICICIPRULI,INDIGO,IOC,IRCTC,IRFC,JINDALSTEL,JIOFIN,JSWENERGY,LICI,LODHA,LTM,MOTHERSON,NAUKRI,NHPC,PFC,PIDILITIND,PNB,RECLTD,SHREECEM,SIEMENS,TATAPOWER,TORNTPHARM,TVSMOTOR,UNIONBANK,UNITDSPR,VBL,VEDL,ZYDUSLIFE"
2024-10-31,"ABB,ADANIENSOL,ADANIGREEN,ADANIPOWER,AMBUJACEM,ATGL,BAJAJHLDNG,BANKBARODA,BHEL,BOSCHLTD,CANBK,CHOLAFIN,DABUR,DIVISLAB,DLF,DMART,ETERNAL,GAIL,GODREJCP,HAL,HAVELLS,ICICIGI,ICICIPRULI,INDIGO,IOC,IRCTC,IRFC,JINDALSTEL,JIOFIN,JSWENERGY,LICI,LODHA,LTM,MOTHERSON,NAUKRI,NHPC,PFC,PIDILITIND,PNB,RECLTD,SHREECEM,SIEMENS,TATAPOWER,TORNTPHARM,TVSMOTOR,UNIONBANK,UNITDSPR,VBL,VEDL,ZYDUSLIFE"
2024-11-30,"ABB,ADANIENSOL,ADANIGREEN,ADANIPOWER,AMBUJACEM,ATGL,BAJAJHLDNG,BANKBARODA,BHEL,BOSCHLTD,CANBK,CHOLAFIN,DABUR,DIVISLAB,DLF,DMART,ETERNAL,GAIL,GODREJCP,HAL,HAVELLS,ICICIGI,ICICIPRULI,INDIGO,IOC,IRCTC,IRFC,JINDALSTEL,JIOFIN,JSWENERGY,LICI,LODHA,LTM,MOTHERSON,NAUKRI,NHPC,PFC,PIDILITIND,PNB,RECLTD,SHREECEM,SIEMENS,TATAPOWER,TORNTPHARM,TVSMOTOR,UNIONBANK,UNITDSPR,VBL,VEDL,ZYDUSLIFE"
2024-12-31,"ABB,ADANIENSOL,ADANIGREEN,ADANIPOWER,AMBUJACEM,ATGL,BAJAJHLDNG,BANKBARODA,BHEL,BOSCHLTD,CANBK,CHOLAFIN,DABUR,DIVISLAB,DLF,DMART,ETERNAL,GAIL,GODREJCP,HAL,HAVELLS,ICICIGI,ICICIPRULI,INDIGO,IOC,IRCTC,IRFC,JINDALSTEL,JIOFIN,JSWENERGY,LICI,LODHA,LTM,MOTHERSON,NAUKRI,NHPC,PFC,PIDILITIND,PNB,RECLTD,SHREECEM,SIEMENS,TATAPOWER,TORNTPHARM,TVSMOTOR,UNIONBANK,UNITDSPR,VBL,VEDL,ZYDUSLIFE"
2025-01-31,"ABB,ADANIENSOL,ADANIGREEN,ADANIPOWER,AMBUJACEM,ATGL,BAJAJHLDNG,BANKBARODA,BHEL,BOSCHLTD,CANBK,CHOLAFIN,DABUR,DIVISLAB,DLF,DMART,ETERNAL,GAIL,GODREJCP,HAL,HAVELLS,ICICIGI,ICICIPRULI,INDIGO,IOC,IRCTC,IRFC,JINDALSTEL,JIOFIN,JSWENERGY,LICI,LODHA,LTM,MOTHERSON,NAUKRI,NHPC,PFC,PIDILITIND,PNB,RECLTD,SHREECEM,SIEMENS,TATAPOWER,TORNTPHARM,TVSMOTOR,UNIONBANK,UNITDSPR,VBL,VEDL,ZYDUSLIFE"
2025-02-28,"ABB,ADANIENSOL,ADANIGREEN,ADANIPOWER,AMBUJACEM,ATGL,BAJAJHLDNG,BANKBARODA,BHEL,BOSCHLTD,CANBK,CHOLAFIN,DABUR,DIVISLAB,DLF,DMART,ETERNAL,GAIL,GODREJCP,HAL,HAVELLS,ICICIGI,ICICIPRULI,INDIGO,IOC,IRCTC,IRFC,JINDALSTEL,JIOFIN,JSWENERGY,LICI,LODHA,LTM,MOTHERSON,NAUKRI,NHPC,PFC,PIDILITIND,PNB,RECLTD,SHREECEM,SIEMENS,TATAPOWER,TORNTPHARM,TVSMOTOR,UNIONBANK,UNITDSPR,VBL,VEDL,ZYDUSLIFE"
2025-03-31,"ABB,ADANIENSOL,ADANIGREEN,ADANIPOWER,AMBUJACEM,BAJAJHFL,BAJAJHLDNG,BANKBARODA,BOSCHLTD,BPCL,BRITANNIA,CANBK,CGPOWER,CHOLAFIN,DABUR,DIVISLAB,DLF,DMART,GAIL,GODREJCP,HAL,HAVELLS,HYUNDAI,ICICIGI,ICICIPRULI,INDHOTEL,INDIGO,IOC,IRFC,JINDALSTEL,JSWENERGY,LICI,LODHA,LTM,MOTHERSON,NAUKRI,PFC,PIDILITIND,PNB,RECLTD,SHREECEM,SIEMENS,SWIGGY,TATAPOWER,TORNTPHARM,TVSMOTOR,UNITDSPR,VBL,VEDL,ZYDUSLIFE"
2025-04-30,"ABB,ADANIENSOL,ADANIGREEN,ADANIPOWER,AMBUJACEM,BAJAJHFL,BAJAJHLDNG,BANKBARODA,BOSCHLTD,BPCL,BRITANNIA,CANBK,CGPOWER,CHOLAFIN,DABUR,DIVISLAB,DLF,DMART,GAIL,GODREJCP,HAL,HAVELLS,HYUNDAI,ICICIGI,ICICIPRULI,INDHOTEL,INDIGO,IOC,IRFC,JINDALSTEL,JSWENERGY,LICI,LODHA,LTM,MOTHERSON,NAUKRI,PFC,PIDILITIND,PNB,RECLTD,SHREECEM,SIEMENS,SWIGGY,TATAPOWER,TORNTPHARM,TVSMOTOR,UNITDSPR,VBL,VEDL,ZYDUSLIFE"
2025-05-31,"ABB,ADANIENSOL,ADANIGREEN,ADANIPOWER,AMBUJACEM,BAJAJHFL,BAJAJHLDNG,BANKBARODA,BOSCHLTD,BPCL,BRITANNIA,CANBK,CGPOWER,CHOLAFIN,DABUR,DIVISLAB,DLF,DMART,GAIL,GODREJCP,HAL,HAVELLS,HYUNDAI,ICICIGI,ICICIPRULI,INDHOTEL,INDIGO,IOC,IRFC,JINDALSTEL,JSWENERGY,LICI,LODHA,LTM,MOTHERSON,NAUKRI,PFC,PIDILITIND,PNB,RECLTD,SHREECEM,SIEMENS,SWIGGY,TATAPOWER,TORNTPHARM,TVSMOTOR,UNITDSPR,VBL,VEDL,ZYDUSLIFE"
2025-06-30,"ABB,ADANIENSOL,ADANIGREEN,ADANIPOWER,AMBUJACEM,BAJAJHFL,BAJAJHLDNG,BANKBARODA,BOSCHLTD,BPCL,BRITANNIA,CANBK,CGPOWER,CHOLAFIN,DABUR,DIVISLAB,DLF,DMART,GAIL,GODREJCP,HAL,HAVELLS,HYUNDAI,ICICIGI,ICICIPRULI,INDHOTEL,INDIGO,IOC,IRFC,JINDALSTEL,JSWENERGY,LICI,LODHA,LTM,MOTHERSON,NAUKRI,PFC,PIDILITIND,PNB,RECLTD,SHREECEM,SIEMENS,SWIGGY,TATAPOWER,TORNTPHARM,TVSMOTOR,UNITDSPR,VBL,VEDL,ZYDUSLIFE"
2025-07-31,"ABB,ADANIENSOL,ADANIGREEN,ADANIPOWER,AMBUJACEM,BAJAJHFL,BAJAJHLDNG,BANKBARODA,BOSCHLTD,BPCL,BRITANNIA,CANBK,CGPOWER,CHOLAFIN,DABUR,DIVISLAB,DLF,DMART,GAIL,GODREJCP,HAL,HAVELLS,HYUNDAI,ICICIGI,ICICIPRULI,INDHOTEL,INDIGO,IOC,IRFC,JINDALSTEL,JSWENERGY,LICI,LODHA,LTM,MOTHERSON,NAUKRI,PFC,PIDILITIND,PNB,RECLTD,SHREECEM,SIEMENS,SWIGGY,TATAPOWER,TORNTPHARM,TVSMOTOR,UNITDSPR,VBL,VEDL,ZYDUSLIFE"
2025-08-31,"ABB,ADANIENSOL,ADANIGREEN,ADANIPOWER,AMBUJACEM,BAJAJHFL,BAJAJHLDNG,BANKBARODA,BOSCHLTD,BPCL,BRITANNIA,CANBK,CGPOWER,CHOLAFIN,DABUR,DIVISLAB,DLF,DMART,GAIL,GODREJCP,HAL,HAVELLS,HYUNDAI,ICICIGI,ICICIPRULI,INDHOTEL,INDIGO,IOC,IRFC,JINDALSTEL,JSWENERGY,LICI,LODHA,LTM,MOTHERSON,NAUKRI,PFC,PIDILITIND,PNB,RECLTD,SHREECEM,SIEMENS,SWIGGY,TATAPOWER,TORNTPHARM,TVSMOTOR,UNITDSPR,VBL,VEDL,ZYDUSLIFE"
2025-09-30,"ABB,ADANIENSOL,ADANIGREEN,ADANIPOWER,AMBUJACEM,BAJAJHFL,BAJAJHLDNG,BANKBARODA,BOSCHLTD,BPCL,BRITANNIA,CANBK,CGPOWER,CHOLAFIN,DIVISLAB,DLF,DMART,ENRIN,GAIL,GODREJCP,HAL,HAVELLS,HINDZINC,HYUNDAI,ICICIGI,INDHOTEL,IOC,IRFC,JINDALSTEL,JSWENERGY,LICI,LODHA,LTM,MAZDOCK,MOTHERSON,NAUKRI,PFC,PIDILITIND,PNB,RECLTD,SHREECEM,SIEMENS,SOLARINDS,TATAPOWER,TORNTPHARM,TVSMOTOR,UNITDSPR,VBL,VEDL,ZYDUSLIFE"
2025-10-31,"ABB,ADANIENSOL,ADANIGREEN,ADANIPOWER,AMBUJACEM,BAJAJHFL,BAJAJHLDNG,BANKBARODA,BOSCHLTD,BPCL,BRITANNIA,CANBK,CGPOWER,CHOLAFIN,DIVISLAB,DLF,DMART,ENRIN,GAIL,GODREJCP,HAL,HAVELLS,HINDZINC,HYUNDAI,ICICIGI,INDHOTEL,IOC,IRFC,JINDALSTEL,JSWENERGY,LICI,LODHA,LTM,MAZDOCK,MOTHERSON,NAUKRI,PFC,PIDILITIND,PNB,RECLTD,SHREECEM,SIEMENS,SOLARINDS,TATAPOWER,TORNTPHARM,TVSMOTOR,UNITDSPR,VBL,VEDL,ZYDUSLIFE"
2025-11-30,"ABB,ADANIENSOL,ADANIGREEN,ADANIPOWER,AMBUJACEM,BAJAJHFL,BAJAJHLDNG,BANKBARODA,BOSCHLTD,BPCL,BRITANNIA,CANBK,CGPOWER,CHOLAFIN,DIVISLAB,DLF,DMART,ENRIN,GAIL,GODREJCP,HAL,HAVELLS,HINDZINC,HYUNDAI,ICICIGI,INDHOTEL,IOC,IRFC,JINDALSTEL,JSWENERGY,LICI,LODHA,LTM,MAZDOCK,MOTHERSON,NAUKRI,PFC,PIDILITIND,PNB,RECLTD,SHREECEM,SIEMENS,SOLARINDS,TATAPOWER,TORNTPHARM,TVSMOTOR,UNITDSPR,VBL,VEDL,ZYDUSLIFE"
2025-12-31,"ABB,ADANIENSOL,ADANIGREEN,ADANIPOWER,AMBUJACEM,BAJAJHFL,BAJAJHLDNG,BANKBARODA,BOSCHLTD,BPCL,BRITANNIA,CANBK,CGPOWER,CHOLAFIN,DIVISLAB,DLF,DMART,ENRIN,GAIL,GODREJCP,HAL,HAVELLS,HINDZINC,HYUNDAI,ICICIGI,INDHOTEL,IOC,IRFC,JINDALSTEL,JSWENERGY,LICI,LODHA,LTM,MAZDOCK,MOTHERSON,NAUKRI,PFC,PIDILITIND,PNB,RECLTD,SHREECEM,SIEMENS,SOLARINDS,TATAPOWER,TORNTPHARM,TVSMOTOR,UNITDSPR,VBL,VEDL,ZYDUSLIFE"
2026-01-31,"ABB,ADANIENSOL,ADANIGREEN,ADANIPOWER,AMBUJACEM,BAJAJHFL,BAJAJHLDNG,BANKBARODA,BOSCHLTD,BPCL,BRITANNIA,CANBK,CGPOWER,CHOLAFIN,DIVISLAB,DLF,DMART,ENRIN,GAIL,GODREJCP,HAL,HAVELLS,HINDZINC,HYUNDAI,ICICIGI,INDHOTEL,IOC,IRFC,JINDALSTEL,JSWENERGY,LICI,LODHA,LTM,MAZDOCK,MOTHERSON,NAUKRI,PFC,PIDILITIND,PNB,RECLTD,SHREECEM,SIEMENS,SOLARINDS,TATAPOWER,TORNTPHARM,TVSMOTOR,UNITDSPR,VBL,VEDL,ZYDUSLIFE"
2026-02-28,"ABB,ADANIENSOL,ADANIGREEN,ADANIPOWER,AMBUJACEM,BAJAJHFL,BAJAJHLDNG,BANKBARODA,BOSCHLTD,BPCL,BRITANNIA,CANBK,CGPOWER,CHOLAFIN,DIVISLAB,DLF,DMART,ENRIN,GAIL,GODREJCP,HAL,HAVELLS,HINDZINC,HYUNDAI,ICICIGI,INDHOTEL,IOC,IRFC,JINDALSTEL,JSWENERGY,LICI,LODHA,LTM,MAZDOCK,MOTHERSON,NAUKRI,PFC,PIDILITIND,PNB,RECLTD,SHREECEM,SIEMENS,SOLARINDS,TATAPOWER,TORNTPHARM,TVSMOTOR,UNITDSPR,VBL,VEDL,ZYDUSLIFE"
2026-03-31,"ABB,ADANIENSOL,ADANIGREEN,ADANIPOWER,AMBUJACEM,BAJAJHLDNG,BANKBARODA,BOSCHLTD,BPCL,BRITANNIA,CANBK,CGPOWER,CHOLAFIN,CUMMINSIND,DIVISLAB,DLF,DMART,ENRIN,GAIL,GODREJCP,HAL,HDFCAMC,HINDZINC,HYUNDAI,INDHOTEL,IOC,IRFC,JINDALSTEL,LODHA,LTM,MAZDOCK,MOTHERSON,MUTHOOTFIN,PFC,PIDILITIND,PNB,RECLTD,SHREECEM,SIEMENS,SOLARINDS,TATACAP,TATAPOWER,TMCV,TORNTPHARM,TVSMOTOR,UNIONBANK,UNITDSPR,VBL,VEDL,ZYDUSLIFE"
2026-04-30,"ABB,ADANIENSOL,ADANIGREEN,ADANIPOWER,AMBUJACEM,BAJAJHLDNG,BANKBARODA,BOSCHLTD,BPCL,BRITANNIA,CANBK,CGPOWER,CHOLAFIN,CUMMINSIND,DIVISLAB,DLF,DMART,ENRIN,GAIL,GODREJCP,HAL,HDFCAMC,HINDZINC,HYUNDAI,INDHOTEL,IOC,IRFC,JINDALSTEL,LODHA,LTM,MAZDOCK,MOTHERSON,MUTHOOTFIN,PFC,PIDILITIND,PNB,RECLTD,SHREECEM,SIEMENS,SOLARINDS,TATACAP,TATAPOWER,TMCV,TORNTPHARM,TVSMOTOR,UNIONBANK,UNITDSPR,VBL,VEDL,ZYDUSLIFE"
2026-05-31,"ABB,ADANIENSOL,ADANIGREEN,ADANIPOWER,AMBUJACEM,BAJAJHLDNG,BANKBARODA,BOSCHLTD,BPCL,BRITANNIA,CANBK,CGPOWER,CHOLAFIN,CUMMINSIND,DIVISLAB,DLF,DMART,ENRIN,GAIL,GODREJCP,HAL,HDFCAMC,HINDZINC,HYUNDAI,INDHOTEL,IOC,IRFC,JINDALSTEL,LODHA,LTM,MAZDOCK,MOTHERSON,MUTHOOTFIN,PFC,PIDILITIND,PNB,RECLTD,SHREECEM,SIEMENS,SOLARINDS,TATACAP,TATAPOWER,TMCV,TORNTPHARM,TVSMOTOR,UNIONBANK,UNITDSPR,VBL,VEDL,ZYDUSLIFE"
2026-06-30,"ABB,ADANIENSOL,ADANIGREEN,ADANIPOWER,AMBUJACEM,BAJAJHLDNG,BANKBARODA,BOSCHLTD,BPCL,BRITANNIA,CANBK,CGPOWER,CHOLAFIN,CUMMINSIND,DIVISLAB,DLF,DMART,ENRIN,GAIL,GODREJCP,HAL,HDFCAMC,HINDZINC,HYUNDAI,INDHOTEL,IOC,IRFC,JINDALSTEL,LODHA,LTM,MAZDOCK,MOTHERSON,MUTHOOTFIN,PFC,PIDILITIND,PNB,RECLTD,SHREECEM,SIEMENS,SOLARINDS,TATACAP,TATAPOWER,TMCV,TORNTPHARM,TVSMOTOR,UNIONBANK,UNITDSPR,VBL,VEDL,ZYDUSLIFE"
2026-07-31,"ABB,ADANIENSOL,ADANIGREEN,ADANIPOWER,AMBUJACEM,BAJAJHLDNG,BANKBARODA,BOSCHLTD,BPCL,BRITANNIA,CANBK,CGPOWER,CHOLAFIN,CUMMINSIND,DIVISLAB,DLF,DMART,ENRIN,GAIL,GODREJCP,HAL,HDFCAMC,HINDZINC,HYUNDAI,INDHOTEL,IOC,IRFC,JINDALSTEL,LODHA,LTM,MAZDOCK,MOTHERSON,MUTHOOTFIN,PFC,PIDILITIND,PNB,RECLTD,SHREECEM,SIEMENS,SOLARINDS,TATACAP,TATAPOWER,TMCV,TORNTPHARM,TVSMOTOR,UNIONBANK,UNITDSPR,VBL,VEDL,ZYDUSLIFE"
2026-08-31,"ABB,ADANIENSOL,ADANIGREEN,ADANIPOWER,AMBUJACEM,BAJAJHLDNG,BANKBARODA,BOSCHLTD,BPCL,BRITANNIA,CANBK,CGPOWER,CHOLAFIN,CUMMINSIND,DIVISLAB,DLF,DMART,ENRIN,GAIL,GODREJCP,HAL,HDFCAMC,HINDZINC,HYUNDAI,INDHOTEL,IOC,IRFC,JINDALSTEL,LODHA,LTM,MAZDOCK,MOTHERSON,MUTHOOTFIN,PFC,PIDILITIND,PNB,RECLTD,SHREECEM,SIEMENS,SOLARINDS,TATACAP,TATAPOWER,TMCV,TORNTPHARM,TVSMOTOR,UNIONBANK,UNITDSPR,VBL,VEDL,ZYDUSLIFE"
2026-09-30,"ABB,ADANIENSOL,ADANIGREEN,ADANIPOWER,AMBUJACEM,BAJAJHLDNG,BANKBARODA,BOSCHLTD,BPCL,BRITANNIA,CANBK,CGPOWER,CHOLAFIN,CUMMINSIND,DIVISLAB,DLF,DMART,ENRIN,GAIL,GODREJCP,HAL,HDFCAMC,HINDZINC,HYUNDAI,INDHOTEL,IOC,IRFC,JINDALSTEL,LODHA,LTM,MAZDOCK,MOTHERSON,MUTHOOTFIN,PFC,PIDILITIND,PNB,RECLTD,SHREECEM,SIEMENS,SOLARINDS,TATACAP,TATAPOWER,TMCV,TORNTPHARM,TVSMOTOR,UNIONBANK,UNITDSPR,VBL,VEDL,ZYDUSLIFE"
